{"10":[{"name":"엄지오","time":7.83},{"name":"엄지오의6번경추","time":8.09},{"name":"엄지오의6번경추","time":9.32},{"name":"LDH","time":9.63},{"name":"엄지오의6번경추","time":10.11},{"name":"rlaalsrjs","time":10.15},{"name":"엄지오의6번경추","time":10.3},{"name":"LDH","time":10.38},{"name":"엄지오의6번경추","time":10.46},{"name":"엄지오의6번경추","time":10.6},{"name":"엄지오의6번경추","time":10.67},{"name":"엄지오의6번경추","time":11.39},{"name":"엄지오의6번경추","time":11.59},{"name":"엄지오의6번경추","time":11.74},{"name":"LDH","time":12.11},{"name":"엄지오의6번경추","time":12.35},{"name":"엄지오의6번경추","time":12.46},{"name":"rlaalsrjs","time":12.49},{"name":"엄지오의6번경추","time":12.63},{"name":"엄지오","time":12.75},{"name":"엄지오의6번경추","time":12.76},{"name":"엄지오의6번경추","time":12.78},{"name":"엄지오","time":12.91},{"name":"rlaalsrjs","time":12.96},{"name":"엄지오의6번경추","time":13.02},{"name":"LDH","time":13.22},{"name":"엄지오의6번경추","time":13.22},{"name":"희진쌤의999번째머리카락","time":13.24},{"name":"엄지오의6번경추","time":13.42},{"name":"엄지오의6번경추","time":13.67},{"name":"엄지오의6번경추","time":13.73},{"name":"엄지오","time":13.8},{"name":"엄지오의6번경추","time":13.82},{"name":"엄지오의6번경추","time":13.84},{"name":"엄지오의6번경추","time":14},{"name":"LDH","time":14.39},{"name":"rlaalsrjs","time":14.53},{"name":"LDH","time":14.68},{"name":"엄지오","time":14.74},{"name":"엄지오의6번경추","time":14.96},{"name":"엄지오의6번경추","time":15.17},{"name":"rlaalsrjs","time":15.31},{"name":"엄지오의6번경추","time":15.34},{"name":"엄지오의6번경추","time":15.47},{"name":"rlaalsrjs","time":15.54},{"name":"엄지오의6번경추","time":16.01},{"name":"엄지오의6번경추","time":16.21},{"name":"rlaalsrjs","time":16.51},{"name":"엄지오의6번경추","time":16.81},{"name":"rlaalsrjs","time":17.21},{"name":"rlaalsrjs","time":17.3},{"name":"rlaalsrjs","time":17.66},{"name":"rlaalsrjs","time":17.68},{"name":"LDH","time":18.48},{"name":"rlaalsrjs","time":18.6},{"name":"rlaalsrjs","time":18.86},{"name":"엄지오의6번경추","time":18.96},{"name":"rlaalsrjs","time":19.25},{"name":"엄지오의6번경추","time":19.49},{"name":"엄지오의6번경추","time":19.71},{"name":"rlaalsrjs","time":19.86},{"name":"엄지오의6번경추","time":19.93},{"name":"rlaalsrjs","time":20.16},{"name":"rlaalsrjs","time":20.56},{"name":"rlaalsrjs","time":20.8},{"name":"엄지오의6번경추","time":21.86},{"name":"엄지오의6번경추","time":23.15},{"name":"rlaalsrjs","time":23.67},{"name":"엄지오의6번경추","time":23.96},{"name":"rlaalsrjs","time":24.54},{"name":"rlaalsrjs","time":24.61},{"name":"rlaalsrjs","time":24.78},{"name":"엄지오의6번경추","time":24.88},{"name":"엄지오의6번경추","time":25.76},{"name":"엄지오의6번경추","time":25.96},{"name":"엄지오의6번경추","time":26.59},{"name":"rlaalsrjs","time":26.61},{"name":"엄지오","time":27.28},{"name":"엄지오","time":30.4},{"name":"엄지오의6번경추","time":31.74},{"name":"rlaalsrjs","time":32.53},{"name":"rlaalsrjs","time":32.56},{"name":"rlaalsrjs","time":55.67},{"name":"rlaalsrjs","time":57.05},{"name":"rlaalsrjs","time":64.75},{"name":"rlaalsrjs","time":74.81},{"name":"rlaalsrjs","time":76.99},{"name":"rlaalsrjs","time":80.59},{"name":"rlaalsrjs","time":81.44},{"name":"rlaalsrjs","time":81.62},{"name":"rlaalsrjs","time":84.84},{"name":"엄지오","time":124.4}],"20":[{"name":"엄지오의6번경추","time":41.95},{"name":"엄지오의6번경추","time":42.23},{"name":"엄지오의6번경추","time":47.24},{"name":"엄지오의6번경추","time":48.47},{"name":"엄지오","time":55.61},{"name":"LDH","time":87.37},{"name":"rlaalsrjs","time":114.75}],"80":[{"name":"엄지오의6번경추","time":471.8},{"name":"엄지오의6번경추","time":482.55},{"name":"엄지오의999번째머리카락","time":535.6},{"name":"엄지오의999번째머리카락","time":653.22},{"name":"LDH","time":869.21},{"name":"엄지오","time":986.3}],"40":[{"name":"엄지오의6번경추","time":136.75},{"name":"엄지오의6번경추","time":185.94},{"name":"rlaalsrjs","time":350.28},{"name":"rlaalsrjs","time":562.62}]}