{"jiojio0630":{"name":"엄지오","pw":"$2y$12$8Dg1zVX3bIVoAmDPvXx6HOZDP6LiCDrSlPiujZzS4mlv1eZpfH2sy","joined_at":"2025-12-19 17:48:27","achievements":["god_hand","slow_steady","veteran_10","clear_easy","ranker","goat","clear_normal","speed_normal","speed_easy","pvp_first_win","real_man"],"play_count":122,"avatar":"👧","session_token":"d343cfa28a8e7844841e4ac57da8790c","last_activity":1766389367,"pvp_stats":{"wins":41,"losses":14,"streak":38,"max_streak":38}},"dohye0508":{"name":"LDH","pw":"$2y$12$H.bsgkrZysRIfSHG0.lAM.JqrkKchHI9QR1xEa1i7zdrCQgXk3l52","joined_at":"2025-12-19 17:49:34","play_count":28,"achievements":["clear_easy","god_hand","ranker","slow_steady","clear_normal","speed_normal","veteran_10","speed_easy","clear_extreme","pvp_first_win"],"avatar":"👧","session_token":"84e29de2348ea3fc7a8dbf6ca61be178","last_activity":1766389316,"pvp_stats":{"wins":8,"losses":9,"streak":0,"max_streak":5}},"q1w2e3r4t5":{"name":"rlaalsrjs","pw":"$2y$12$GgyaTXqCdGXuD0n1dBV7uuR9P\/s6.iKTFKSBbkHwgwWWND1Z3NVR.","joined_at":"2025-12-19 17:50:00","play_count":37,"achievements":["clear_easy","god_hand","veteran_10","clear_hard","ranker","goat","slow_steady"],"session_token":"16ab063189de07fd6506b4ba53b95aac","last_activity":1766389350,"pvp_stats":{"wins":3,"losses":14,"streak":0,"max_streak":2}},"jiojio06302":{"name":"희진쌤의999번째머리카락","pw":"$2y$12$mmCGcjSsbdBrYE.WGOfVb.PfKhKGRJtge1LTw6PuDjF.2ANgB33MS","joined_at":"2025-12-20 00:09:28","play_count":2,"achievements":["clear_easy","god_hand","ranker","slow_steady"]},"potato":{"name":"엄지오의6번경추","pw":"$2y$12$ylpIJ2YgXZoDD3WkzD\/KeuucmyEL\/mCn695g3LmU.wJesje98r.dS","joined_at":"2025-12-22 13:38:30","play_count":69,"achievements":["god_hand","slow_steady","clear_extreme","speed_extreme","ranker","goat","clear_easy","veteran_10","clear_normal","speed_normal","real_man","clear_hard","speed_hard","speed_easy"],"avatar":"🐐"},"banana":{"name":"banana","pw":"$2y$12$hxunyVl.b6NNrRci4hToFevhtjaDffmFu11qsWfKzfICPC8ObdnOa","joined_at":"2025-12-22 15:29:19","play_count":1,"achievements":["god_hand","slow_steady"]}}