﻿time,mode,action,moved_wid,from_idx,to_idx,drag_dist,scroll_pos,inversion_count,is_error_move,order_snapshot
0.003,하남자 (10개),INIT,0,0,0,0,0,27,0,4|2|1|9|6|8|7|10|5|3
1.919,하남자 (10개),MOVE,2,1,0,1,0,26,0,
3.045,하남자 (10개),MOVE,1,2,1,1,0,25,0,
5.521,하남자 (10개),MOVE,8,5,4,1,0,24,0,
8.266,하남자 (10개),MOVE,10,7,1,6,0,18,0,
10.073,하남자 (10개),MOVE,3,9,3,6,0,12,0,
12.131,하남자 (10개),MOVE,9,5,9,4,0,8,0,
15.285,하남자 (10개),MOVE,5,8,4,4,0,4,0,
17.956,하남자 (10개),MOVE,4,5,8,3,0,1,0,
57.050,하남자 (10개),MOVE,10,1,0,1,0,0,0,
57.053,하남자 (10개),END,0,0,0,0,0,0,0,10|2|1|3|5|8|6|7|4|9
