﻿time,mode,action,moved_wid,from_idx,to_idx,drag_dist,scroll_pos,inversion_count,is_error_move,order_snapshot
0.001,하남자 (10개),INIT,0,0,0,0,0,17,0,1|5|7|2|6|10|3|9|8|4
2.442,하남자 (10개),MOVE,5,1,0,1,0,16,0,
3.825,하남자 (10개),MOVE,6,4,0,4,0,12,0,
24.819,하남자 (10개),MOVE,3,6,1,5,0,7,0,
27.112,하남자 (10개),MOVE,4,9,8,1,0,6,0,
31.013,하남자 (10개),MOVE,10,6,9,3,0,3,0,
32.560,하남자 (10개),MOVE,2,5,8,3,0,0,0,
32.561,하남자 (10개),END,0,0,0,0,0,0,0,6|3|5|1|7|9|4|8|2|10
