﻿time,mode,action,moved_wid,from_idx,to_idx,drag_dist,scroll_pos,inversion_count,is_error_move,order_snapshot
0.003,하남자 (10개),INIT,0,0,0,0,0,27,0,7|2|8|4|3|6|1|10|5|9
1.632,하남자 (10개),MOVE,7,0,8,8,0,21,0,
2.688,하남자 (10개),MOVE,6,4,9,5,0,16,0,
3.830,하남자 (10개),MOVE,9,8,0,8,0,10,0,
6.464,하남자 (10개),MOVE,10,6,1,5,0,7,0,
7.935,하남자 (10개),MOVE,5,7,5,2,0,7,0,
8.850,하남자 (10개),MOVE,4,4,0,4,0,3,0,
11.410,하남자 (10개),MOVE,2,3,4,1,0,2,0,
15.657,하남자 (10개),MOVE,3,6,3,3,0,1,0,
16.513,하남자 (10개),MOVE,3,3,4,1,0,0,0,
16.515,하남자 (10개),END,0,0,0,0,0,0,0,4|9|10|8|3|2|5|1|7|6
