﻿time,mode,action,moved_wid,from_idx,to_idx,drag_dist,scroll_pos,inversion_count,is_error_move,order_snapshot
0.002,하남자 (10개),INIT,0,0,0,0,0,21,0,2|6|1|10|3|5|9|8|7|4
2.902,하남자 (10개),MOVE,3,4,1,3,0,18,0,
5.399,하남자 (10개),MOVE,4,9,4,5,0,17,0,
6.458,하남자 (10개),MOVE,4,4,3,1,0,16,0,
7.616,하남자 (10개),MOVE,10,5,9,4,0,12,0,
9.354,하남자 (10개),MOVE,9,6,1,5,0,7,0,
13.836,하남자 (10개),MOVE,8,7,4,3,0,4,0,
16.334,하남자 (10개),MOVE,6,3,8,5,0,1,0,
17.209,하남자 (10개),MOVE,6,8,7,1,0,0,0,
17.210,하남자 (10개),END,0,0,0,0,0,0,0,2|9|3|8|4|1|5|6|7|10
