﻿time,mode,action,moved_wid,from_idx,to_idx,drag_dist,scroll_pos,inversion_count,is_error_move,order_snapshot
0.016,하남자 (10개),INIT,0,0,0,0,0,29,0,2|10|9|6|7|5|8|1|3|4
2.298,하남자 (10개),MOVE,2,0,8,8,0,23,0,
3.485,하남자 (10개),MOVE,1,6,0,6,0,19,0,
5.765,하남자 (10개),MOVE,7,4,1,3,0,16,0,
8.148,하남자 (10개),MOVE,5,5,0,5,0,11,0,
11.491,하남자 (10개),MOVE,4,9,3,6,0,5,0,
13.535,하남자 (10개),MOVE,8,7,9,2,0,3,0,
15.074,하남자 (10개),MOVE,3,7,5,2,0,1,0,
16.390,하남자 (10개),MOVE,3,5,6,1,0,2,1,
17.598,하남자 (10개),MOVE,3,6,5,1,0,1,0,
20.157,하남자 (10개),MOVE,6,7,6,1,0,0,0,
20.159,하남자 (10개),END,0,0,0,0,0,0,0,5|1|7|4|10|3|6|9|2|8
