﻿time,mode,action,moved_wid,from_idx,to_idx,drag_dist,scroll_pos,inversion_count,is_error_move,order_snapshot
3.568,하남자 (10개),MOVE,8,7,9,2,0,16,0,
4.659,하남자 (10개),MOVE,7,8,4,4,0,18,1,
5.687,하남자 (10개),MOVE,4,5,2,3,0,15,0,
7.539,하남자 (10개),MOVE,3,4,3,1,0,14,0,
11.746,하남자 (10개),MOVE,6,1,9,8,0,6,0,
13.544,하남자 (10개),MOVE,2,6,7,1,0,5,0,
15.524,하남자 (10개),MOVE,9,3,4,1,0,6,1,
16.625,하남자 (10개),MOVE,7,3,5,2,0,4,0,
18.343,하남자 (10개),MOVE,1,6,5,1,0,3,0,
19.657,하남자 (10개),MOVE,4,1,0,1,0,2,0,
26.756,하남자 (10개),MOVE,10,4,3,1,0,1,0,
27.743,하남자 (10개),MOVE,10,3,2,1,0,0,0,
27.745,하남자 (10개),END,0,0,0,0,0,0,0,4|5|10|3|9|1|7|2|8|6
