﻿time,mode,action,moved_wid,from_idx,to_idx,drag_dist,scroll_pos,inversion_count,is_error_move,order_snapshot
0.003,하남자 (10개),INIT,0,0,0,0,0,20,0,7|4|2|1|5|10|3|6|9|8
1.580,하남자 (10개),MOVE,4,1,0,1,0,19,0,
3.016,하남자 (10개),MOVE,7,1,8,7,0,14,0,
4.384,하남자 (10개),MOVE,6,6,9,3,0,11,0,
6.220,하남자 (10개),MOVE,8,8,6,2,0,9,0,
8.283,하남자 (10개),MOVE,9,7,6,1,0,10,1,
11.153,하남자 (10개),MOVE,1,2,0,2,0,8,0,
13.951,하남자 (10개),MOVE,10,4,3,1,0,9,1,
15.154,하남자 (10개),MOVE,5,4,2,2,0,7,0,
16.392,하남자 (10개),MOVE,3,5,2,3,0,4,0,
20.194,하남자 (10개),MOVE,8,7,4,3,0,1,0,
21.584,하남자 (10개),MOVE,8,4,3,1,0,0,0,
21.585,하남자 (10개),END,0,0,0,0,0,0,0,1|4|3|8|5|2|10|9|7|6
