﻿time,mode,action,moved_wid,from_idx,to_idx,drag_dist,scroll_pos,inversion_count,is_error_move,order_snapshot
0.001,하남자 (10개),INIT,0,0,0,0,0,24,0,10|4|8|5|9|3|6|7|2|1
5.002,하남자 (10개),MOVE,5,3,0,3,0,23,0,
6.488,하남자 (10개),MOVE,3,5,1,4,0,21,0,
8.496,하남자 (10개),MOVE,7,7,2,5,0,18,0,
10.992,하남자 (10개),MOVE,4,4,9,5,0,15,0,
12.905,하남자 (10개),MOVE,2,7,0,7,0,8,0,
16.552,하남자 (10개),MOVE,8,5,1,4,0,4,0,
27.582,하남자 (10개),MOVE,6,7,9,2,0,2,0,
30.159,하남자 (10개),MOVE,9,6,5,1,0,1,0,
84.841,하남자 (10개),MOVE,3,3,2,1,0,0,0,
84.842,하남자 (10개),END,0,0,0,0,0,0,0,2|8|3|5|7|9|10|1|4|6
