﻿time,mode,action,moved_wid,from_idx,to_idx,drag_dist,scroll_pos,inversion_count,is_error_move,order_snapshot
0.002,하남자 (10개),INIT,0,0,0,0,0,29,0,2|7|6|1|10|9|8|4|5|3
3.263,하남자 (10개),MOVE,10,4,0,4,0,25,0,
4.178,하남자 (10개),MOVE,7,2,1,1,0,24,0,
5.910,하남자 (10개),MOVE,1,4,3,1,0,23,0,
6.803,하남자 (10개),MOVE,9,5,4,1,0,22,0,
7.718,하남자 (10개),MOVE,8,6,5,1,0,21,0,
9.757,하남자 (10개),MOVE,8,5,4,1,0,20,0,
10.935,하남자 (10개),MOVE,4,7,6,1,0,19,0,
14.227,하남자 (10개),MOVE,5,8,1,7,0,12,0,
16.058,하남자 (10개),MOVE,3,9,2,7,0,5,0,
20.131,하남자 (10개),MOVE,6,9,8,1,0,6,1,
24.878,하남자 (10개),MOVE,4,9,3,6,0,0,0,
24.878,하남자 (10개),END,0,0,0,0,0,0,0,10|5|3|4|7|2|1|8|9|6
