﻿time,mode,action,moved_wid,from_idx,to_idx,drag_dist,scroll_pos,inversion_count,is_error_move,order_snapshot
0.003,하남자 (10개),INIT,0,0,0,0,0,32,0,1|2|6|4|5|10|3|8|9|7
1.919,하남자 (10개),MOVE,1,0,9,9,0,23,0,
3.144,하남자 (10개),MOVE,9,7,0,7,0,18,0,
4.230,하남자 (10개),MOVE,4,3,1,2,0,16,0,
5.595,하남자 (10개),MOVE,10,5,0,5,0,11,0,
7.621,하남자 (10개),MOVE,3,6,3,3,0,8,0,
10.017,하남자 (10개),MOVE,5,6,5,1,0,7,0,
11.734,하남자 (10개),MOVE,7,8,2,6,0,1,0,
12.962,하남자 (10개),MOVE,7,2,1,1,0,0,0,
12.964,하남자 (10개),END,0,0,0,0,0,0,0,10|7|9|4|3|2|5|6|8|1
