﻿time,mode,action,moved_wid,from_idx,to_idx,drag_dist,scroll_pos,inversion_count,is_error_move,order_snapshot
0.003,하남자 (10개),INIT,0,0,0,0,0,25,0,2|8|10|6|3|5|7|4|9|1
1.738,하남자 (10개),MOVE,8,1,9,8,0,19,0,
3.068,하남자 (10개),MOVE,1,8,0,8,0,13,0,
4.166,하남자 (10개),MOVE,10,2,1,1,0,12,0,
5.305,하남자 (10개),MOVE,6,3,2,1,0,11,0,
6.629,하남자 (10개),MOVE,3,4,3,1,0,10,0,
7.712,하남자 (10개),MOVE,5,5,3,2,0,8,0,
11.148,하남자 (10개),MOVE,7,6,0,6,0,2,0,
12.905,하남자 (10개),MOVE,4,7,9,2,0,0,0,
12.906,하남자 (10개),END,0,0,0,0,0,0,0,7|1|10|6|5|3|2|9|8|4
