﻿time,mode,action,moved_wid,from_idx,to_idx,drag_dist,scroll_pos,inversion_count,is_error_move,order_snapshot
1.941,하남자 (10개),MOVE,7,2,9,7,0,19,0,
3.038,하남자 (10개),MOVE,9,8,7,1,0,18,0,
4.032,하남자 (10개),MOVE,6,6,8,2,0,16,0,
6.327,하남자 (10개),MOVE,4,5,0,5,0,11,0,
10.080,하남자 (10개),MOVE,3,4,8,4,0,7,0,
11.926,하남자 (10개),MOVE,5,3,4,1,0,6,0,
14.512,하남자 (10개),MOVE,1,2,3,1,0,5,0,
15.450,하남자 (10개),MOVE,1,3,4,1,0,4,0,
17.341,하남자 (10개),MOVE,8,1,5,4,0,0,0,
17.342,하남자 (10개),END,0,0,0,0,0,0,0,4|2|5|1|9|8|10|6|3|7
