﻿time,mode,action,moved_wid,from_idx,to_idx,drag_dist,scroll_pos,inversion_count,is_error_move,order_snapshot
0.003,하남자 (10개),INIT,0,0,0,0,0,21,0,8|5|6|1|3|2|9|7|10|4
1.457,하남자 (10개),MOVE,6,2,0,2,0,19,0,
5.061,하남자 (10개),MOVE,7,7,2,5,0,16,0,
6.786,하남자 (10개),MOVE,10,8,3,5,0,13,0,
10.245,하남자 (10개),MOVE,2,7,0,7,0,6,0,
12.142,하남자 (10개),MOVE,4,9,5,4,0,2,0,
15.375,하남자 (10개),MOVE,9,9,8,1,0,1,0,
16.042,하남자 (10개),MOVE,9,8,7,1,0,0,0,
16.043,하남자 (10개),END,0,0,0,0,0,0,0,2|6|8|7|10|4|5|9|1|3
