﻿time,mode,action,moved_wid,from_idx,to_idx,drag_dist,scroll_pos,inversion_count,is_error_move,order_snapshot
0.001,하남자 (10개),INIT,0,0,0,0,0,24,0,4|10|9|7|2|6|5|3|8|1
2.385,하남자 (10개),MOVE,9,2,0,2,0,22,0,
6.482,하남자 (10개),MOVE,6,5,1,4,0,18,0,
9.487,하남자 (10개),MOVE,4,2,7,5,0,13,0,
17.205,하남자 (10개),MOVE,5,5,4,1,0,12,0,
19.824,하남자 (10개),MOVE,10,2,5,3,0,9,0,
26.173,하남자 (10개),MOVE,1,9,1,8,0,1,0,
55.672,하남자 (10개),MOVE,5,4,3,1,0,0,0,
55.673,하남자 (10개),END,0,0,0,0,0,0,0,9|1|6|5|7|2|10|3|4|8
