﻿time,mode,action,moved_wid,from_idx,to_idx,drag_dist,scroll_pos,inversion_count,is_error_move,order_snapshot
0.001,하남자 (10개),INIT,0,0,0,0,0,24,0,8|5|2|7|9|10|1|6|4|3
1.644,하남자 (10개),MOVE,8,0,9,9,0,15,0,
2.640,하남자 (10개),MOVE,3,8,0,8,0,7,0,
3.744,하남자 (10개),MOVE,2,2,1,1,0,6,0,
4.440,하남자 (10개),MOVE,7,3,1,2,0,4,0,
6.053,하남자 (10개),MOVE,10,5,8,3,0,1,0,
8.093,하남자 (10개),MOVE,1,5,4,1,0,0,0,
8.094,하남자 (10개),END,0,0,0,0,0,0,0,3|7|2|5|1|9|6|4|10|8
