﻿time,mode,action,moved_wid,from_idx,to_idx,drag_dist,scroll_pos,inversion_count,is_error_move,order_snapshot
0.004,하남자 (10개),INIT,0,0,0,0,0,28,0,4|3|10|2|8|6|9|5|7|1
2.096,하남자 (10개),MOVE,9,6,9,3,0,25,0,
3.305,하남자 (10개),MOVE,7,7,0,7,0,18,0,
6.246,하남자 (10개),MOVE,1,8,1,7,0,11,0,
8.213,하남자 (10개),MOVE,2,5,2,3,0,10,0,
9.918,하남자 (10개),MOVE,10,5,2,3,0,7,0,
12.048,하남자 (10개),MOVE,8,6,8,2,0,5,0,
13.836,하남자 (10개),MOVE,6,6,2,4,0,1,0,
14.730,하남자 (10개),MOVE,6,2,5,3,0,4,1,
16.195,하남자 (10개),MOVE,6,5,2,3,0,1,0,
21.134,하남자 (10개),MOVE,3,6,5,1,0,0,0,
21.136,하남자 (10개),END,0,0,0,0,0,0,0,7|1|6|10|2|3|4|5|8|9
