﻿time,mode,action,moved_wid,from_idx,to_idx,drag_dist,scroll_pos,inversion_count,is_error_move,order_snapshot
0.002,하남자 (10개),INIT,0,0,0,0,0,31,0,3|4|5|2|1|10|7|6|8|9
2.075,하남자 (10개),MOVE,3,0,8,8,0,23,0,
2.875,하남자 (10개),MOVE,8,7,0,7,0,16,0,
3.713,하남자 (10개),MOVE,5,2,1,1,0,15,0,
5.381,하남자 (10개),MOVE,1,4,2,2,0,13,0,
7.437,하남자 (10개),MOVE,10,5,4,1,0,12,0,
8.605,하남자 (10개),MOVE,7,6,3,3,0,9,0,
9.101,하남자 (10개),MOVE,7,3,2,1,0,8,0,
11.051,하남자 (10개),MOVE,9,9,4,5,0,3,0,
14.391,하남자 (10개),MOVE,6,8,5,3,0,0,0,
14.391,하남자 (10개),END,0,0,0,0,0,0,0,8|5|7|1|9|6|4|10|2|3
