﻿time,mode,action,moved_wid,from_idx,to_idx,drag_dist,scroll_pos,inversion_count,is_error_move,order_snapshot
0.004,하남자 (10개),INIT,0,0,0,0,0,21,0,6|7|5|3|2|9|4|8|10|1
1.930,하남자 (10개),MOVE,7,1,8,7,0,18,0,
3.252,하남자 (10개),MOVE,1,9,8,1,0,17,0,
4.418,하남자 (10개),MOVE,4,5,9,4,0,13,0,
6.198,하남자 (10개),MOVE,2,3,0,3,0,12,0,
7.425,하남자 (10개),MOVE,3,3,0,3,0,9,0,
9.156,하남자 (10개),MOVE,6,2,4,2,0,9,0,
10.736,하남자 (10개),MOVE,5,2,7,5,0,4,0,
12.643,하남자 (10개),MOVE,5,7,8,1,0,3,0,
16.725,하남자 (10개),MOVE,10,5,4,1,0,2,0,
17.680,하남자 (10개),MOVE,6,3,5,2,0,0,0,
17.682,하남자 (10개),END,0,0,0,0,0,0,0,3|2|9|10|8|6|1|7|5|4
