﻿time,mode,action,moved_wid,from_idx,to_idx,drag_dist,scroll_pos,inversion_count,is_error_move,order_snapshot
0.003,하남자 (10개),INIT,0,0,0,0,0,15,0,1|10|6|9|3|4|2|8|5|7
2.481,하남자 (10개),MOVE,10,1,0,1,0,16,1,
3.378,하남자 (10개),MOVE,1,1,0,1,0,15,0,
5.719,하남자 (10개),MOVE,7,9,4,5,0,12,0,
7.570,하남자 (10개),MOVE,3,5,9,4,0,8,0,
9.070,하남자 (10개),MOVE,9,3,2,1,0,7,0,
11.113,하남자 (10개),MOVE,9,2,1,1,0,6,0,
15.163,하남자 (10개),MOVE,2,6,1,5,0,1,0,
17.658,하남자 (10개),MOVE,8,7,6,1,0,0,0,
17.660,하남자 (10개),END,0,0,0,0,0,0,0,1|2|9|10|6|7|8|4|5|3
