﻿time,mode,action,moved_wid,from_idx,to_idx,drag_dist,scroll_pos,inversion_count,is_error_move,order_snapshot
0.001,하남자 (10개),INIT,0,0,0,0,0,29,0,8|5|9|7|2|3|10|1|6|4
2.752,하남자 (10개),MOVE,9,2,9,7,0,22,0,
4.305,하남자 (10개),MOVE,4,8,4,4,0,22,0,
5.296,하남자 (10개),MOVE,2,3,8,5,0,17,0,
6.563,하남자 (10개),MOVE,1,6,0,6,0,11,0,
9.727,하남자 (10개),MOVE,6,7,4,3,0,8,0,
12.038,하남자 (10개),MOVE,5,2,3,1,0,9,1,
13.621,하남자 (10개),MOVE,5,3,5,2,0,9,0,
15.563,하남자 (10개),MOVE,8,1,6,5,0,6,0,
16.942,하남자 (10개),MOVE,7,1,6,5,0,1,0,
19.493,하남자 (10개),MOVE,5,3,2,1,0,0,0,
19.494,하남자 (10개),END,0,0,0,0,0,0,0,1|6|5|4|3|8|7|10|2|9
