﻿time,mode,action,moved_wid,from_idx,to_idx,drag_dist,scroll_pos,inversion_count,is_error_move,order_snapshot
0.001,하남자 (10개),INIT,0,0,0,0,0,30,0,3|4|10|6|9|1|5|8|2|7
1.710,하남자 (10개),MOVE,10,2,0,2,0,28,0,
2.617,하남자 (10개),MOVE,6,3,1,2,0,26,0,
3.779,하남자 (10개),MOVE,5,6,0,6,0,20,0,
4.942,하남자 (10개),MOVE,8,7,0,7,0,13,0,
6.126,하남자 (10개),MOVE,2,8,1,7,0,6,0,
8.451,하남자 (10개),MOVE,1,8,5,3,0,3,0,
9.435,하남자 (10개),MOVE,4,7,6,1,0,2,0,
10.769,하남자 (10개),MOVE,7,9,8,1,0,3,1,
11.595,하남자 (10개),MOVE,9,9,6,3,0,0,0,
11.595,하남자 (10개),END,0,0,0,0,0,0,0,8|2|5|10|6|1|9|4|3|7
