﻿time,mode,action,moved_wid,from_idx,to_idx,drag_dist,scroll_pos,inversion_count,is_error_move,order_snapshot
1.085,하남자 (10개),MOVE,2,2,0,2,0,11,0,
3.156,하남자 (10개),MOVE,6,8,9,1,0,10,0,
4.079,하남자 (10개),MOVE,9,7,8,1,0,9,0,
5.528,하남자 (10개),MOVE,8,4,1,3,0,6,0,
7.227,하남자 (10개),MOVE,1,4,8,4,0,2,0,
12.311,하남자 (10개),MOVE,9,7,8,1,0,3,1,
13.896,하남자 (10개),MOVE,9,8,7,1,0,2,0,
18.096,하남자 (10개),MOVE,7,4,3,1,0,1,0,
18.812,하남자 (10개),MOVE,5,5,4,1,0,0,0,
18.813,하남자 (10개),END,0,0,0,0,0,0,0,2|8|3|7|5|4|10|9|1|6
