﻿time,mode,action,moved_wid,from_idx,to_idx,drag_dist,scroll_pos,inversion_count,is_error_move,order_snapshot
0.001,하남자 (10개),INIT,0,0,0,0,0,17,0,9|8|2|4|7|1|10|3|6|5
3.922,하남자 (10개),MOVE,4,3,9,6,0,13,0,
5.436,하남자 (10개),MOVE,3,6,1,5,0,8,0,
7.417,하남자 (10개),MOVE,2,3,5,2,0,8,0,
8.265,하남자 (10개),MOVE,1,4,9,5,0,3,0,
10.575,하남자 (10개),MOVE,2,4,6,2,0,1,0,
12.780,하남자 (10개),MOVE,6,5,4,1,0,0,0,
12.780,하남자 (10개),END,0,0,0,0,0,0,0,9|3|8|7|6|10|2|5|4|1
