﻿time,mode,action,moved_wid,from_idx,to_idx,drag_dist,scroll_pos,inversion_count,is_error_move,order_snapshot
0.002,하남자 (10개),INIT,0,0,0,0,0,18,0,1|2|4|6|9|3|5|8|10|7
3.244,하남자 (10개),MOVE,9,4,0,4,0,14,0,
4.899,하남자 (10개),MOVE,8,7,1,6,0,8,0,
8.232,하남자 (10개),MOVE,5,7,5,2,0,10,1,
12.364,하남자 (10개),MOVE,3,7,2,5,0,5,0,
15.783,하남자 (10개),MOVE,6,7,3,4,0,1,0,
17.301,하남자 (10개),MOVE,2,5,4,1,0,0,0,
17.303,하남자 (10개),END,0,0,0,0,0,0,0,9|8|3|6|2|1|4|5|10|7
