﻿time,mode,action,moved_wid,from_idx,to_idx,drag_dist,scroll_pos,inversion_count,is_error_move,order_snapshot
0.001,하남자 (10개),INIT,0,0,0,0,0,25,0,9|8|3|6|2|1|4|10|5|7
1.493,하남자 (10개),MOVE,9,0,9,9,0,18,0,
2.483,하남자 (10개),MOVE,5,7,0,7,0,11,0,
3.810,하남자 (10개),MOVE,6,3,1,2,0,9,0,
5.010,하남자 (10개),MOVE,10,7,2,5,0,4,0,
6.179,하남자 (10개),MOVE,1,6,9,3,0,1,0,
10.110,하남자 (10개),MOVE,7,7,6,1,0,0,0,
10.110,하남자 (10개),END,0,0,0,0,0,0,0,5|6|10|8|3|2|7|4|9|1
