﻿time,mode,action,moved_wid,from_idx,to_idx,drag_dist,scroll_pos,inversion_count,is_error_move,order_snapshot
0.001,하남자 (10개),INIT,0,0,0,0,0,27,0,8|1|9|10|4|3|7|2|5|6
3.082,하남자 (10개),MOVE,10,3,9,6,0,21,0,
4.035,하남자 (10개),MOVE,6,8,0,8,0,17,0,
4.995,하남자 (10개),MOVE,7,6,0,6,0,13,0,
7.042,하남자 (10개),MOVE,3,6,2,4,0,11,0,
8.977,하남자 (10개),MOVE,9,5,3,2,0,9,0,
10.312,하남자 (10개),MOVE,5,8,3,5,0,8,0,
11.393,하남자 (10개),MOVE,5,3,4,1,0,7,0,
13.837,하남자 (10개),MOVE,4,7,0,7,0,0,0,
13.838,하남자 (10개),END,0,0,0,0,0,0,0,4|7|6|3|9|5|8|1|2|10
