﻿time,mode,action,moved_wid,from_idx,to_idx,drag_dist,scroll_pos,inversion_count,is_error_move,order_snapshot
0.002,하남자 (10개),INIT,0,0,0,0,0,24,0,2|3|9|10|1|4|8|7|5|6
1.792,하남자 (10개),MOVE,3,1,9,8,0,16,0,
2.842,하남자 (10개),MOVE,5,7,0,7,0,9,0,
6.960,하남자 (10개),MOVE,4,5,8,3,0,6,0,
9.795,하남자 (10개),MOVE,9,2,6,4,0,2,0,
11.482,하남자 (10개),MOVE,2,1,2,1,0,1,0,
13.215,하남자 (10개),MOVE,1,3,2,1,0,0,0,
13.216,하남자 (10개),END,0,0,0,0,0,0,0,5|10|1|2|8|7|9|6|4|3
