﻿time,mode,action,moved_wid,from_idx,to_idx,drag_dist,scroll_pos,inversion_count,is_error_move,order_snapshot
0.001,하남자 (10개),INIT,0,0,0,0,0,34,0,3|2|7|9|4|10|6|5|8|1
5.009,하남자 (10개),MOVE,8,8,0,8,0,26,0,
6.584,하남자 (10개),MOVE,5,8,1,7,0,21,0,
8.436,하남자 (10개),MOVE,7,4,2,2,0,19,0,
10.365,하남자 (10개),MOVE,4,6,3,3,0,16,0,
12.014,하남자 (10개),MOVE,10,7,3,4,0,12,0,
13.964,하남자 (10개),MOVE,6,8,1,7,0,5,0,
17.541,하남자 (10개),MOVE,1,9,5,4,0,1,0,
19.934,하남자 (10개),MOVE,2,8,9,1,0,0,0,
19.935,하남자 (10개),END,0,0,0,0,0,0,0,8|6|5|7|10|1|4|3|9|2
