﻿time,mode,action,moved_wid,from_idx,to_idx,drag_dist,scroll_pos,inversion_count,is_error_move,order_snapshot
0.005,하남자 (10개),INIT,0,0,0,0,0,20,0,3|2|5|6|8|9|1|7|10|4
3.179,하남자 (10개),MOVE,8,4,9,5,0,15,0,
7.041,하남자 (10개),MOVE,7,6,0,6,0,9,0,
10.120,하남자 (10개),MOVE,6,4,2,2,0,7,0,
11.917,하남자 (10개),MOVE,5,4,3,1,0,6,0,
13.324,하남자 (10개),MOVE,2,4,8,4,0,4,0,
14.763,하남자 (10개),MOVE,4,7,9,2,0,4,0,
15.779,하남자 (10개),MOVE,4,9,8,1,0,3,0,
25.141,하남자 (10개),MOVE,9,4,6,2,0,1,0,
76.994,하남자 (10개),MOVE,1,4,3,1,0,0,0,
76.998,하남자 (10개),END,0,0,0,0,0,0,0,7|3|6|1|5|10|9|2|4|8
