﻿time,mode,action,moved_wid,from_idx,to_idx,drag_dist,scroll_pos,inversion_count,is_error_move,order_snapshot
0.006,하남자 (10개),INIT,0,0,0,0,0,17,0,3|7|6|4|2|10|1|8|5|9
6.036,하남자 (10개),MOVE,2,4,9,5,0,14,0,
8.771,하남자 (10개),MOVE,8,6,0,6,0,8,0,
11.513,하남자 (10개),MOVE,10,5,2,3,0,5,0,
14.871,하남자 (10개),MOVE,6,4,3,1,0,6,1,
18.017,하남자 (10개),MOVE,1,6,8,2,0,4,0,
21.900,하남자 (10개),MOVE,5,6,5,1,0,3,0,
28.186,하남자 (10개),MOVE,5,5,3,2,0,3,0,
49.202,하남자 (10개),MOVE,2,9,8,1,0,2,0,
60.436,하남자 (10개),MOVE,7,5,4,1,0,1,0,
81.623,하남자 (10개),MOVE,7,4,3,1,0,0,0,
81.625,하남자 (10개),END,0,0,0,0,0,0,0,8|3|10|7|5|6|4|9|2|1
