﻿time,mode,action,moved_wid,from_idx,to_idx,drag_dist,scroll_pos,inversion_count,is_error_move,order_snapshot
0.002,하남자 (10개),INIT,0,0,0,0,0,25,0,2|9|1|5|3|8|6|4|7|10
1.283,하남자 (10개),MOVE,2,0,9,9,5.599999904632568,20,0,
2.663,하남자 (10개),MOVE,9,0,9,9,5.599999904632568,13,0,
3.766,하남자 (10개),MOVE,8,3,0,3,5.599999904632568,10,0,
8.231,하남자 (10개),MOVE,4,5,9,4,5.599999904632568,6,0,
9.625,하남자 (10개),MOVE,10,6,0,6,0,0,0,
9.626,하남자 (10개),END,0,0,0,0,0,0,0,10|8|1|5|3|6|7|2|9|4
