﻿time,mode,action,moved_wid,from_idx,to_idx,drag_dist,scroll_pos,inversion_count,is_error_move,order_snapshot
0.003,하남자 (10개),INIT,0,0,0,0,0,23,0,3|7|1|10|4|9|2|5|6|8
2.466,하남자 (10개),MOVE,7,1,9,8,0,15,0,
4.805,하남자 (10개),MOVE,5,6,7,1,0,14,0,
7.872,하남자 (10개),MOVE,1,1,6,5,0,9,0,
11.901,하남자 (10개),MOVE,9,3,0,3,0,6,0,
12.981,하남자 (10개),MOVE,6,5,0,5,0,1,0,
16.011,하남자 (10개),MOVE,2,5,4,1,0,0,0,
16.012,하남자 (10개),END,0,0,0,0,0,0,0,6|9|3|10|2|4|1|5|8|7
