﻿time,mode,action,moved_wid,from_idx,to_idx,drag_dist,scroll_pos,inversion_count,is_error_move,order_snapshot
0.003,하남자 (10개),INIT,0,0,0,0,0,21,0,6|5|3|9|2|8|1|4|7|10
2.406,하남자 (10개),MOVE,3,2,0,2,0,19,0,
3.789,하남자 (10개),MOVE,8,5,1,4,0,17,0,
5.473,하남자 (10개),MOVE,1,6,3,3,0,18,1,
8.106,하남자 (10개),MOVE,10,9,3,6,0,20,1,
12.040,하남자 (10개),MOVE,9,6,2,4,0,18,0,
13.444,하남자 (10개),MOVE,9,2,3,1,0,17,0,
15.181,하남자 (10개),MOVE,4,8,2,6,0,13,0,
17.283,하남자 (10개),MOVE,7,9,3,6,0,9,0,
20.201,하남자 (10개),MOVE,2,9,1,8,0,1,0,
23.666,하남자 (10개),MOVE,2,1,0,1,0,0,0,
23.668,하남자 (10개),END,0,0,0,0,0,0,0,2|3|8|4|7|6|9|10|1|5
