﻿time,mode,action,moved_wid,from_idx,to_idx,drag_dist,scroll_pos,inversion_count,is_error_move,order_snapshot
1.178,하남자 (10개),MOVE,5,3,0,3,0,27,0,
3.194,하남자 (10개),MOVE,10,6,2,4,0,23,0,
4.497,하남자 (10개),MOVE,4,7,1,6,0,17,0,
5.250,하남자 (10개),MOVE,10,3,2,1,0,16,0,
8.597,하남자 (10개),MOVE,9,9,3,6,0,12,0,
10.658,하남자 (10개),MOVE,6,5,3,2,0,10,0,
12.578,하남자 (10개),MOVE,7,7,5,2,0,8,0,
13.729,하남자 (10개),MOVE,1,6,9,3,0,5,0,
15.637,하남자 (10개),MOVE,8,7,5,2,0,3,0,
16.721,하남자 (10개),MOVE,3,8,5,3,0,0,0,
16.721,하남자 (10개),END,0,0,0,0,0,0,0,5|4|10|6|9|3|8|7|2|1
