﻿time,mode,action,moved_wid,from_idx,to_idx,drag_dist,scroll_pos,inversion_count,is_error_move,order_snapshot
0.004,하남자 (10개),INIT,0,0,0,0,0,19,0,9|8|5|3|4|6|1|2|10|7
2.660,하남자 (10개),MOVE,1,6,9,3,0,16,0,
4.131,하남자 (10개),MOVE,7,8,1,7,0,15,0,
5.950,하남자 (10개),MOVE,7,1,2,1,0,14,0,
8.495,하남자 (10개),MOVE,4,5,0,5,0,9,0,
10.437,하남자 (10개),MOVE,2,7,0,7,0,2,0,
15.310,하남자 (10개),MOVE,5,5,7,2,0,0,0,
15.312,하남자 (10개),END,0,0,0,0,0,0,0,2|4|9|8|7|3|6|5|10|1
