﻿time,mode,action,moved_wid,from_idx,to_idx,drag_dist,scroll_pos,inversion_count,is_error_move,order_snapshot
2.234,하남자 (10개),MOVE,2,0,6,6,0,20,0,
4.195,하남자 (10개),MOVE,8,7,0,7,0,13,0,
7.142,하남자 (10개),MOVE,7,9,3,6,0,9,0,
9.213,하남자 (10개),MOVE,5,1,3,2,0,7,0,
12.471,하남자 (10개),MOVE,6,6,4,2,0,7,0,
15.286,하남자 (10개),MOVE,4,6,2,4,0,3,0,
16.596,하남자 (10개),MOVE,4,2,1,1,0,2,0,
21.172,하남자 (10개),MOVE,3,9,6,3,0,1,0,
22.300,하남자 (10개),MOVE,9,7,6,1,0,0,0,
22.301,하남자 (10개),END,0,0,0,0,0,0,0,8|4|1|7|5|6|9|3|10|2
