﻿time,mode,action,moved_wid,from_idx,to_idx,drag_dist,scroll_pos,inversion_count,is_error_move,order_snapshot
0.004,하남자 (10개),INIT,0,0,0,0,0,30,0,4|10|9|7|5|8|6|1|2|3
2.040,하남자 (10개),MOVE,4,0,7,7,0,29,0,
3.303,하남자 (10개),MOVE,6,5,0,5,0,24,0,
4.685,하남자 (10개),MOVE,8,5,9,4,0,20,0,
6.042,하남자 (10개),MOVE,3,8,0,8,0,12,0,
7.549,하남자 (10개),MOVE,7,4,7,3,0,11,0,
9.217,하남자 (10개),MOVE,1,5,8,3,0,8,0,
10.433,하남자 (10개),MOVE,2,7,2,5,0,3,0,
12.807,하남자 (10개),MOVE,5,5,4,1,0,2,0,
14.415,하남자 (10개),MOVE,10,3,6,3,0,1,0,
15.536,하남자 (10개),MOVE,10,6,5,1,0,0,0,
15.539,하남자 (10개),END,0,0,0,0,0,0,0,3|6|2|5|9|10|4|7|1|8
