﻿time,mode,action,moved_wid,from_idx,to_idx,drag_dist,scroll_pos,inversion_count,is_error_move,order_snapshot
0.002,하남자 (10개),INIT,0,0,0,0,0,14,0,8|7|1|10|6|9|2|3|4|5
1.432,하남자 (10개),MOVE,8,0,1,1,0,13,0,
3.539,하남자 (10개),MOVE,6,4,2,2,0,11,0,
5.647,하남자 (10개),MOVE,9,5,9,4,0,9,0,
7.056,하남자 (10개),MOVE,4,7,8,1,0,8,0,
8.999,하남자 (10개),MOVE,2,5,7,2,0,6,0,
10.042,하남자 (10개),MOVE,10,4,7,3,0,3,0,
12.119,하남자 (10개),MOVE,1,3,5,2,0,1,0,
16.207,하남자 (10개),MOVE,4,8,9,1,0,0,0,
16.208,하남자 (10개),END,0,0,0,0,0,0,0,7|8|6|3|5|1|2|10|9|4
