﻿time,mode,action,moved_wid,from_idx,to_idx,drag_dist,scroll_pos,inversion_count,is_error_move,order_snapshot
2.977,하남자 (10개),MOVE,9,7,0,7,0,6,0,
4.045,하남자 (10개),MOVE,8,1,2,1,0,5,0,
6.777,하남자 (10개),MOVE,10,4,3,1,0,4,0,
10.293,하남자 (10개),MOVE,1,7,4,3,0,3,0,
11.061,하남자 (10개),MOVE,1,4,5,1,0,2,0,
13.057,하남자 (10개),MOVE,5,9,7,2,0,2,0,
19.929,하남자 (10개),MOVE,2,8,7,1,0,1,0,
20.713,하남자 (10개),MOVE,2,7,6,1,0,0,0,
20.714,하남자 (10개),END,0,0,0,0,0,0,0,9|3|8|10|4|1|2|7|5|6
