﻿time,mode,action,moved_wid,from_idx,to_idx,drag_dist,scroll_pos,inversion_count,is_error_move,order_snapshot
0.001,하남자 (10개),INIT,0,0,0,0,0,14,0,9|4|3|6|5|2|10|7|1|8
2.639,하남자 (10개),MOVE,4,1,3,2,0,12,0,
3.533,하남자 (10개),MOVE,5,4,1,3,0,9,0,
5.317,하남자 (10개),MOVE,6,3,2,1,0,8,0,
8.370,하남자 (10개),MOVE,10,6,2,4,0,4,0,
11.032,하남자 (10개),MOVE,7,7,4,3,0,1,0,
12.757,하남자 (10개),MOVE,2,7,8,1,0,0,0,
12.758,하남자 (10개),END,0,0,0,0,0,0,0,9|5|10|6|7|3|4|1|2|8
