﻿time,mode,action,moved_wid,from_idx,to_idx,drag_dist,scroll_pos,inversion_count,is_error_move,order_snapshot
2.249,하남자 (10개),MOVE,3,0,8,8,0,16,0,
4.204,하남자 (10개),MOVE,5,6,9,3,0,13,0,
5.622,하남자 (10개),MOVE,9,8,4,4,0,11,0,
7.184,하남자 (10개),MOVE,9,4,3,1,0,12,1,
10.296,하남자 (10개),MOVE,1,5,2,3,0,9,0,
11.877,하남자 (10개),MOVE,4,1,7,6,0,3,0,
13.980,하남자 (10개),MOVE,10,6,5,1,0,2,0,
16.775,하남자 (10개),MOVE,2,4,2,2,0,0,0,
16.776,하남자 (10개),END,0,0,0,0,0,0,0,8|1|2|6|9|10|7|4|3|5
