﻿time,mode,action,moved_wid,from_idx,to_idx,drag_dist,scroll_pos,inversion_count,is_error_move,order_snapshot
2.090,하남자 (10개),MOVE,9,1,0,1,0,14,0,
3.359,하남자 (10개),MOVE,2,8,9,1,0,13,0,
8.328,하남자 (10개),MOVE,6,6,2,4,0,9,0,
10.046,하남자 (10개),MOVE,10,6,8,2,0,7,0,
11.550,하남자 (10개),MOVE,7,7,3,4,0,7,0,
13.248,하남자 (10개),MOVE,3,7,3,4,0,5,0,
14.681,하남자 (10개),MOVE,5,6,9,3,0,4,0,
18.598,하남자 (10개),MOVE,4,6,5,1,0,3,0,
19.601,하남자 (10개),MOVE,4,5,3,2,0,1,0,
21.366,하남자 (10개),MOVE,8,6,4,2,0,3,1,
22.609,하남자 (10개),MOVE,8,4,6,2,0,1,0,
54.332,하남자 (10개),MOVE,5,9,8,1,0,0,0,
54.333,하남자 (10개),END,0,0,0,0,0,0,0,9|1|6|4|3|7|8|10|5|2
