﻿time,mode,action,moved_wid,from_idx,to_idx,drag_dist,scroll_pos,inversion_count,is_error_move,order_snapshot
3.312,하남자 (10개),MOVE,10,6,1,5,0,15,0,
5.910,하남자 (10개),MOVE,2,9,7,2,0,17,1,
7.893,하남자 (10개),MOVE,1,9,3,6,0,11,0,
9.462,하남자 (10개),MOVE,1,3,2,1,0,10,0,
10.866,하남자 (10개),MOVE,7,4,6,2,0,8,0,
13.697,하남자 (10개),MOVE,4,5,3,2,0,6,0,
16.608,하남자 (10개),MOVE,3,7,6,1,0,5,0,
18.408,하남자 (10개),MOVE,2,8,6,2,0,3,0,
20.448,하남자 (10개),MOVE,8,9,6,3,0,0,0,
20.448,하남자 (10개),END,0,0,0,0,0,0,0,9|10|1|4|6|5|8|2|3|7
