﻿time,mode,action,moved_wid,from_idx,to_idx,drag_dist,scroll_pos,inversion_count,is_error_move,order_snapshot
0.002,하남자 (10개),INIT,0,0,0,0,0,26,0,8|7|1|6|5|10|3|2|4|9
1.390,하남자 (10개),MOVE,7,1,0,1,0,25,0,
2.394,하남자 (10개),MOVE,8,1,9,8,0,17,0,
3.434,하남자 (10개),MOVE,9,8,1,7,0,10,0,
4.929,하남자 (10개),MOVE,5,4,2,2,0,8,0,
7.264,하남자 (10개),MOVE,10,5,7,2,0,8,0,
8.504,하남자 (10개),MOVE,3,5,8,3,0,5,0,
9.352,하남자 (10개),MOVE,4,7,6,1,0,4,0,
10.660,하남자 (10개),MOVE,2,5,1,4,0,2,0,
11.551,하남자 (10개),MOVE,2,1,2,1,0,1,0,
14.677,하남자 (10개),MOVE,4,6,5,1,0,0,0,
14.678,하남자 (10개),END,0,0,0,0,0,0,0,7|9|2|5|1|4|6|10|3|8
