﻿time,mode,action,moved_wid,from_idx,to_idx,drag_dist,scroll_pos,inversion_count,is_error_move,order_snapshot
0.001,하남자 (10개),INIT,0,0,0,0,0,20,0,3|7|9|6|4|5|8|2|1|10
2.536,하남자 (10개),MOVE,2,7,0,7,0,13,0,
5.144,하남자 (10개),MOVE,6,4,9,5,0,8,0,
6.690,하남자 (10개),MOVE,1,7,8,1,0,7,0,
7.727,하남자 (10개),MOVE,8,6,7,1,0,6,0,
9.469,하남자 (10개),MOVE,5,5,1,4,0,6,0,
10.790,하남자 (10개),MOVE,4,5,1,4,0,4,0,
12.099,하남자 (10개),MOVE,3,3,1,2,0,2,0,
16.396,하남자 (10개),MOVE,10,6,5,1,0,1,0,
18.687,하남자 (10개),MOVE,9,6,7,1,0,0,0,
18.688,하남자 (10개),END,0,0,0,0,0,0,0,2|3|4|5|7|10|8|9|1|6
