﻿time,mode,action,moved_wid,from_idx,to_idx,drag_dist,scroll_pos,inversion_count,is_error_move,order_snapshot
1.810,하남자 (10개),MOVE,1,4,9,5,0,15,0,
3.614,하남자 (10개),MOVE,10,7,8,1,0,14,0,
5.826,하남자 (10개),MOVE,3,1,0,1,0,13,0,
7.316,하남자 (10개),MOVE,2,5,1,4,0,9,0,
11.463,하남자 (10개),MOVE,6,5,8,3,0,6,0,
13.617,하남자 (10개),MOVE,5,4,2,2,0,4,0,
14.766,하남자 (10개),MOVE,8,5,3,2,0,2,0,
16.425,하남자 (10개),MOVE,4,4,6,2,0,0,0,
16.426,하남자 (10개),END,0,0,0,0,0,0,0,3|2|5|8|9|7|4|10|6|1
