﻿time,mode,action,moved_wid,from_idx,to_idx,drag_dist,scroll_pos,inversion_count,is_error_move,order_snapshot
0.001,하남자 (10개),INIT,0,0,0,0,0,22,0,1|4|5|6|9|3|8|10|2|7
1.672,하남자 (10개),MOVE,4,1,9,8,0,18,0,
2.610,하남자 (10개),MOVE,7,8,0,8,0,10,0,
3.876,하남자 (10개),MOVE,1,1,2,1,0,9,0,
4.957,하남자 (10개),MOVE,6,3,1,2,0,7,0,
5.947,하남자 (10개),MOVE,9,4,1,3,0,4,0,
9.442,하남자 (10개),MOVE,8,6,7,1,0,5,1,
11.256,하남자 (10개),MOVE,2,8,6,2,0,3,0,
14.895,하남자 (10개),MOVE,4,9,7,2,0,1,0,
23.152,하남자 (10개),MOVE,8,9,8,1,0,0,0,
23.153,하남자 (10개),END,0,0,0,0,0,0,0,7|9|6|5|1|3|2|4|8|10
