﻿time,mode,action,moved_wid,from_idx,to_idx,drag_dist,scroll_pos,inversion_count,is_error_move,order_snapshot
0.002,하남자 (10개),INIT,0,0,0,0,0,33,0,4|8|7|5|1|3|2|10|9|6
1.511,하남자 (10개),MOVE,5,3,0,3,0,30,0,
3.876,하남자 (10개),MOVE,6,9,1,8,0,22,0,
8.166,하남자 (10개),MOVE,1,5,9,4,0,18,0,
9.830,하남자 (10개),MOVE,9,8,6,2,0,18,0,
11.748,하남자 (10개),MOVE,3,5,8,3,0,15,0,
14.988,하남자 (10개),MOVE,4,2,9,7,0,8,0,
22.985,하남자 (10개),MOVE,10,6,4,2,0,6,0,
26.368,하남자 (10개),MOVE,8,2,6,4,0,4,0,
27.784,하남자 (10개),MOVE,7,2,6,4,0,0,0,
27.785,하남자 (10개),END,0,0,0,0,0,0,0,5|6|10|9|2|8|7|3|1|4
