﻿time,mode,action,moved_wid,from_idx,to_idx,drag_dist,scroll_pos,inversion_count,is_error_move,order_snapshot
2.194,하남자 (10개),MOVE,7,1,9,8,0,11,0,
3.326,하남자 (10개),MOVE,7,9,8,1,0,10,0,
5.752,하남자 (10개),MOVE,1,6,9,3,0,9,0,
6.601,하남자 (10개),MOVE,1,9,7,2,0,9,0,
7.723,하남자 (10개),MOVE,1,7,8,1,0,8,0,
9.641,하남자 (10개),MOVE,3,4,6,2,0,8,0,
10.511,하남자 (10개),MOVE,3,6,5,1,0,7,0,
12.580,하남자 (10개),MOVE,4,3,0,3,0,4,0,
14.252,하남자 (10개),MOVE,9,1,4,3,0,1,0,
15.623,하남자 (10개),MOVE,5,2,3,1,0,0,0,
15.624,하남자 (10개),END,0,0,0,0,0,0,0,4|2|6|5|9|3|8|7|1|10
