﻿time,mode,action,moved_wid,from_idx,to_idx,drag_dist,scroll_pos,inversion_count,is_error_move,order_snapshot
0.001,하남자 (10개),INIT,0,0,0,0,0,19,0,4|8|1|5|3|6|2|7|10|9
1.289,하남자 (10개),MOVE,8,1,0,1,0,18,0,
2.751,하남자 (10개),MOVE,3,4,2,2,0,18,0,
3.749,하남자 (10개),MOVE,3,2,1,1,0,17,0,
5.976,하남자 (10개),MOVE,5,4,1,3,0,14,0,
9.554,하남자 (10개),MOVE,7,7,0,7,0,7,0,
11.346,하남자 (10개),MOVE,10,8,9,1,0,6,0,
12.637,하남자 (10개),MOVE,9,8,0,8,0,2,0,
13.507,하남자 (10개),MOVE,7,1,2,1,0,3,1,
14.317,하남자 (10개),MOVE,7,2,1,1,0,2,0,
27.277,하남자 (10개),MOVE,9,0,2,2,0,0,0,
27.278,하남자 (10개),END,0,0,0,0,0,0,0,7|8|9|5|3|4|1|6|2|10
