﻿time,mode,action,moved_wid,from_idx,to_idx,drag_dist,scroll_pos,inversion_count,is_error_move,order_snapshot
4.159,하남자 (10개),MOVE,2,2,0,2,0,24,0,
5.381,하남자 (10개),MOVE,10,4,3,1,0,23,0,
6.590,하남자 (10개),MOVE,1,5,0,5,0,18,0,
8.006,하남자 (10개),MOVE,9,6,5,1,0,17,0,
10.040,하남자 (10개),MOVE,6,7,3,4,0,13,0,
11.741,하남자 (10개),MOVE,4,8,0,8,0,5,0,
13.220,하남자 (10개),MOVE,8,9,4,5,5.599999904632568,0,0,
13.221,하남자 (10개),END,0,0,0,0,5.599999904632568,0,0,4|1|2|3|8|6|5|10|9|7
