﻿time,mode,action,moved_wid,from_idx,to_idx,drag_dist,scroll_pos,inversion_count,is_error_move,order_snapshot
0.002,하남자 (10개),INIT,0,0,0,0,0,33,0,9|4|1|8|6|3|2|7|10|5
2.445,하남자 (10개),MOVE,10,8,0,8,0,31,0,
3.757,하남자 (10개),MOVE,7,8,0,8,0,23,0,
5.504,하남자 (10개),MOVE,5,9,1,8,0,15,0,
7.665,하남자 (10개),MOVE,2,9,2,7,0,8,0,
9.555,하남자 (10개),MOVE,1,6,3,3,0,5,0,
12.726,하남자 (10개),MOVE,6,8,7,1,0,4,0,
14.189,하남자 (10개),MOVE,4,6,8,2,0,2,0,
15.171,하남자 (10개),MOVE,9,5,7,2,0,0,0,
15.172,하남자 (10개),END,0,0,0,0,0,0,0,7|5|2|1|10|6|8|9|4|3
