﻿time,mode,action,moved_wid,from_idx,to_idx,drag_dist,scroll_pos,inversion_count,is_error_move,order_snapshot
0.001,하남자 (10개),INIT,0,0,0,0,0,19,0,8|4|2|7|9|3|6|1|10|5
2.205,하남자 (10개),MOVE,4,1,8,7,0,12,0,
3.562,하남자 (10개),MOVE,10,7,1,6,0,8,0,
5.640,하남자 (10개),MOVE,7,3,2,1,0,7,0,
9.480,하남자 (10개),MOVE,9,4,2,2,0,5,0,
11.693,하남자 (10개),MOVE,3,5,1,4,0,1,0,
25.763,하남자 (10개),MOVE,6,6,7,1,0,0,0,
25.764,하남자 (10개),END,0,0,0,0,0,0,0,8|3|10|9|7|2|1|6|4|5
