﻿time,mode,action,moved_wid,from_idx,to_idx,drag_dist,scroll_pos,inversion_count,is_error_move,order_snapshot
0.002,하남자 (10개),INIT,0,0,0,0,0,26,0,3|10|6|9|5|1|2|4|7|8
2.535,하남자 (10개),MOVE,2,6,0,6,0,22,0,
4.112,하남자 (10개),MOVE,5,5,0,5,0,17,0,
5.900,하남자 (10개),MOVE,3,2,9,7,0,10,0,
9.463,하남자 (10개),MOVE,9,4,3,1,0,9,0,
10.239,하남자 (10개),MOVE,9,3,2,1,0,8,0,
12.295,하남자 (10개),MOVE,10,3,5,2,0,8,0,
13.746,하남자 (10개),MOVE,4,6,5,1,0,7,0,
16.359,하남자 (10개),MOVE,6,3,6,3,0,4,0,
18.477,하남자 (10개),MOVE,7,7,3,4,0,0,0,
18.478,하남자 (10개),END,0,0,0,0,0,0,0,5|2|9|7|1|4|10|6|8|3
