﻿time,mode,action,moved_wid,from_idx,to_idx,drag_dist,scroll_pos,inversion_count,is_error_move,order_snapshot
0.002,하남자 (10개),INIT,0,0,0,0,0,25,0,8|5|2|1|10|7|3|4|6|9
1.837,하남자 (10개),MOVE,1,3,0,3,0,22,0,
3.517,하남자 (10개),MOVE,3,6,1,5,0,17,0,
4.860,하남자 (10개),MOVE,2,4,3,1,0,16,0,
7.148,하남자 (10개),MOVE,7,6,2,4,0,12,0,
9.773,하남자 (10개),MOVE,6,8,5,3,0,11,0,
12.450,하남자 (10개),MOVE,4,8,3,5,0,6,0,
14.400,하남자 (10개),MOVE,9,9,3,6,0,0,0,
14.401,하남자 (10개),END,0,0,0,0,0,0,0,1|3|7|9|4|8|2|6|5|10
