﻿time,mode,action,moved_wid,from_idx,to_idx,drag_dist,scroll_pos,inversion_count,is_error_move,order_snapshot
0.001,하남자 (10개),INIT,0,0,0,0,0,29,0,7|3|8|1|4|5|2|9|6|10
2.129,하남자 (10개),MOVE,6,8,1,7,0,26,0,
3.329,하남자 (10개),MOVE,9,8,0,8,0,20,0,
4.372,하남자 (10개),MOVE,7,1,9,8,0,12,0,
5.917,하남자 (10개),MOVE,2,7,0,7,0,5,0,
8.317,하남자 (10개),MOVE,4,6,8,2,0,3,0,
10.464,하남자 (10개),MOVE,5,6,3,3,0,0,0,
10.464,하남자 (10개),END,0,0,0,0,0,0,0,2|9|6|5|3|8|1|10|4|7
