﻿time,mode,action,moved_wid,from_idx,to_idx,drag_dist,scroll_pos,inversion_count,is_error_move,order_snapshot
0.003,하남자 (10개),INIT,0,0,0,0,0,10,0,3|7|4|6|10|9|2|1|5|8
3.336,하남자 (10개),MOVE,1,7,1,6,0,6,0,
4.931,하남자 (10개),MOVE,4,3,5,2,0,4,0,
6.878,하남자 (10개),MOVE,10,4,3,1,0,5,1,
8.199,하남자 (10개),MOVE,6,4,0,4,0,3,0,
9.319,하남자 (10개),MOVE,6,0,2,2,0,3,0,
10.553,하남자 (10개),MOVE,6,2,1,1,0,2,0,
14.187,하남자 (10개),MOVE,8,9,8,1,0,1,0,
20.797,하남자 (10개),MOVE,4,5,6,1,0,0,0,
20.800,하남자 (10개),END,0,0,0,0,0,0,0,3|6|1|7|10|9|4|2|8|5
