﻿time,mode,action,moved_wid,from_idx,to_idx,drag_dist,scroll_pos,inversion_count,is_error_move,order_snapshot
0.001,하남자 (10개),INIT,0,0,0,0,0,36,0,7|5|8|3|1|10|9|2|6|4
1.462,하남자 (10개),MOVE,5,1,9,8,0,28,0,
2.565,하남자 (10개),MOVE,7,0,9,9,0,19,0,
3.622,하남자 (10개),MOVE,4,7,0,7,0,14,0,
7.019,하남자 (10개),MOVE,2,6,0,6,0,8,0,
9.285,하남자 (10개),MOVE,1,4,2,2,0,6,0,
10.703,하남자 (10개),MOVE,8,3,4,1,0,5,0,
11.648,하남자 (10개),MOVE,9,6,3,3,0,2,0,
13.020,하남자 (10개),MOVE,6,7,6,1,0,1,0,
13.733,하남자 (10개),MOVE,6,6,5,1,0,0,0,
13.733,하남자 (10개),END,0,0,0,0,0,0,0,2|4|1|9|3|6|8|10|5|7
