﻿time,mode,action,moved_wid,from_idx,to_idx,drag_dist,scroll_pos,inversion_count,is_error_move,order_snapshot
0.001,하남자 (10개),INIT,0,0,0,0,0,21,0,8|4|2|6|10|7|9|1|5|3
1.335,하남자 (10개),MOVE,10,4,9,5,0,16,0,
2.678,하남자 (10개),MOVE,1,6,8,2,0,14,0,
5.062,하남자 (10개),MOVE,6,3,8,5,0,9,0,
7.761,하남자 (10개),MOVE,4,1,0,1,0,8,0,
11.084,하남자 (10개),MOVE,8,1,4,3,0,11,1,
12.539,하남자 (10개),MOVE,9,3,6,3,0,8,0,
13.987,하남자 (10개),MOVE,7,2,5,3,0,5,0,
15.345,하남자 (10개),MOVE,2,1,6,5,0,0,0,
15.345,하남자 (10개),END,0,0,0,0,0,0,0,4|8|5|3|7|9|2|1|6|10
