﻿time,mode,action,moved_wid,from_idx,to_idx,drag_dist,scroll_pos,inversion_count,is_error_move,order_snapshot
0.002,하남자 (10개),INIT,0,0,0,0,0,20,0,10|2|5|1|6|3|7|4|9|8
2.258,하남자 (10개),MOVE,6,4,0,4,0,16,0,
3.224,하남자 (10개),MOVE,3,5,0,5,0,11,0,
4.402,하남자 (10개),MOVE,9,8,9,1,0,10,0,
5.902,하남자 (10개),MOVE,4,7,9,2,0,8,0,
7.507,하남자 (10개),MOVE,2,3,2,1,0,7,0,
10.125,하남자 (10개),MOVE,7,6,5,1,0,6,0,
11.768,하남자 (10개),MOVE,8,7,6,1,0,5,0,
13.987,하남자 (10개),MOVE,8,6,3,3,0,2,0,
18.247,하남자 (10개),MOVE,10,4,5,1,0,1,0,
18.960,하남자 (10개),MOVE,10,5,6,1,0,0,0,
18.960,하남자 (10개),END,0,0,0,0,0,0,0,3|6|2|8|5|7|10|1|9|4
