﻿time,mode,action,moved_wid,from_idx,to_idx,drag_dist,scroll_pos,inversion_count,is_error_move,order_snapshot
1.836,하남자 (10개),MOVE,7,2,9,7,0,19,0,
3.357,하남자 (10개),MOVE,6,6,8,2,0,17,0,
4.757,하남자 (10개),MOVE,10,6,7,1,0,16,0,
6.012,하남자 (10개),MOVE,4,5,0,5,0,11,0,
7.204,하남자 (10개),MOVE,2,5,1,4,0,7,0,
8.836,하남자 (10개),MOVE,5,4,2,2,0,5,0,
10.448,하남자 (10개),MOVE,1,4,3,1,0,4,0,
12.620,하남자 (10개),MOVE,9,6,4,2,0,2,0,
15.405,하남자 (10개),MOVE,3,6,8,2,0,0,0,
15.406,하남자 (10개),END,0,0,0,0,0,0,0,4|2|5|1|9|8|10|6|3|7
