﻿time,mode,action,moved_wid,from_idx,to_idx,drag_dist,scroll_pos,inversion_count,is_error_move,order_snapshot
2.806,하남자 (10개),MOVE,1,5,0,5,0,13,0,
5.976,하남자 (10개),MOVE,5,5,2,3,0,12,0,
7.734,하남자 (10개),MOVE,3,3,5,2,0,10,0,
10.608,하남자 (10개),MOVE,5,2,3,1,0,9,0,
13.607,하남자 (10개),MOVE,10,7,6,1,0,8,0,
16.125,하남자 (10개),MOVE,2,8,2,6,0,2,0,
18.033,하남자 (10개),MOVE,8,9,8,1,0,1,0,
18.997,하남자 (10개),MOVE,8,8,7,1,0,0,0,
18.998,하남자 (10개),END,0,0,0,0,0,0,0,1|7|2|9|5|4|3|8|10|6
