﻿time,mode,action,moved_wid,from_idx,to_idx,drag_dist,scroll_pos,inversion_count,is_error_move,order_snapshot
0.002,하남자 (10개),INIT,0,0,0,0,0,28,0,4|3|6|1|7|8|5|9|10|2
2.021,하남자 (10개),MOVE,3,1,9,8,0,20,0,
3.629,하남자 (10개),MOVE,10,7,0,7,0,13,0,
4.661,하남자 (10개),MOVE,6,2,1,1,0,12,0,
6.167,하남자 (10개),MOVE,5,6,1,5,0,9,0,
7.886,하남자 (10개),MOVE,1,4,1,3,0,6,0,
12.341,하남자 (10개),MOVE,9,7,6,1,0,5,0,
14.156,하남자 (10개),MOVE,2,8,4,4,0,1,0,
17.697,하남자 (10개),MOVE,7,6,5,1,0,0,0,
17.698,하남자 (10개),END,0,0,0,0,0,0,0,10|1|5|6|2|7|4|9|8|3
