﻿time,mode,action,moved_wid,from_idx,to_idx,drag_dist,scroll_pos,inversion_count,is_error_move,order_snapshot
0.003,하남자 (10개),INIT,0,0,0,0,0,26,0,3|9|6|7|8|1|2|5|10|4
4.096,하남자 (10개),MOVE,2,6,0,6,0,20,0,
8.899,하남자 (10개),MOVE,1,6,5,1,0,19,0,
10.629,하남자 (10개),MOVE,5,7,4,3,0,16,0,
12.048,하남자 (10개),MOVE,5,4,3,1,0,15,0,
16.151,하남자 (10개),MOVE,9,2,8,6,0,9,0,
19.477,하남자 (10개),MOVE,10,7,3,4,0,5,0,
22.183,하남자 (10개),MOVE,10,3,2,1,0,4,0,
26.607,하남자 (10개),MOVE,4,9,5,4,0,0,0,
26.611,하남자 (10개),END,0,0,0,0,0,0,0,2|3|10|5|6|4|7|1|8|9
