﻿time,mode,action,moved_wid,from_idx,to_idx,drag_dist,scroll_pos,inversion_count,is_error_move,order_snapshot
0.002,하남자 (10개),INIT,0,0,0,0,0,22,0,10|4|3|2|7|6|1|8|5|9
0.960,하남자 (10개),MOVE,4,1,0,1,0,21,0,
4.574,하남자 (10개),MOVE,9,9,0,9,0,12,0,
6.535,하남자 (10개),MOVE,3,3,8,5,132,9,0,
9.040,하남자 (10개),MOVE,3,8,7,1,132,8,0,
10.593,하남자 (10개),MOVE,5,9,6,3,132,7,0,
14.631,하남자 (10개),MOVE,10,2,3,1,0,6,0,
19.020,하남자 (10개),MOVE,5,6,4,2,132,4,0,
30.399,하남자 (10개),MOVE,1,7,3,4,132,0,0,
30.400,하남자 (10개),END,0,0,0,0,132,0,0,9|4|2|1|10|5|7|6|3|8
