﻿time,mode,action,moved_wid,from_idx,to_idx,drag_dist,scroll_pos,inversion_count,is_error_move,order_snapshot
0.001,하남자 (10개),INIT,0,0,0,0,0,26,0,7|6|10|2|4|1|8|3|5|9
1.719,하남자 (10개),MOVE,10,2,0,2,0,24,0,
3.684,하남자 (10개),MOVE,8,6,1,5,0,19,0,
5.412,하남자 (10개),MOVE,1,6,2,4,0,15,0,
7.241,하남자 (10개),MOVE,2,5,9,4,0,11,0,
8.759,하남자 (10개),MOVE,9,8,2,6,0,5,0,
10.629,하남자 (10개),MOVE,6,5,4,1,0,4,0,
12.829,하남자 (10개),MOVE,4,6,7,1,0,3,0,
15.125,하남자 (10개),MOVE,5,8,5,3,0,0,0,
15.126,하남자 (10개),END,0,0,0,0,0,0,0,10|8|9|1|6|5|7|3|4|2
