﻿time,mode,action,moved_wid,from_idx,to_idx,drag_dist,scroll_pos,inversion_count,is_error_move,order_snapshot
0.002,하남자 (10개),INIT,0,0,0,0,0,18,0,10|1|6|3|2|9|8|5|7|4
1.282,하남자 (10개),MOVE,1,1,0,1,0,17,0,
1.980,하남자 (10개),MOVE,6,2,1,1,0,16,0,
3.315,하남자 (10개),MOVE,3,3,9,6,0,12,0,
4.305,하남자 (10개),MOVE,7,7,2,5,0,7,0,
5.625,하남자 (10개),MOVE,9,5,4,1,0,6,0,
6.555,하남자 (10개),MOVE,8,6,9,3,0,3,0,
7.515,하남자 (10개),MOVE,2,5,8,3,0,2,0,
8.356,하남자 (10개),MOVE,2,8,7,1,0,1,0,
16.815,하남자 (10개),MOVE,1,0,1,1,0,0,0,
16.816,하남자 (10개),END,0,0,0,0,0,0,0,6|1|7|10|9|5|4|2|3|8
