﻿time,mode,action,moved_wid,from_idx,to_idx,drag_dist,scroll_pos,inversion_count,is_error_move,order_snapshot
0.001,하남자 (10개),INIT,0,0,0,0,0,27,0,3|2|6|9|5|10|1|4|8|7
1.823,하남자 (10개),MOVE,2,1,9,8,0,21,0,
4.373,하남자 (10개),MOVE,8,7,2,5,0,18,0,
5.543,하남자 (10개),MOVE,7,8,3,5,0,15,0,
6.444,하남자 (10개),MOVE,9,4,9,5,0,10,0,
7.808,하남자 (10개),MOVE,5,4,7,3,0,7,0,
9.023,하남자 (10개),MOVE,1,5,0,5,0,2,0,
10.553,하남자 (10개),MOVE,10,5,6,1,0,3,1,
11.288,하남자 (10개),MOVE,10,6,5,1,0,2,0,
12.496,하남자 (10개),MOVE,7,4,3,1,0,1,0,
14.003,하남자 (10개),MOVE,6,2,1,1,0,0,0,
14.004,하남자 (10개),END,0,0,0,0,0,0,0,1|6|3|7|8|10|4|5|2|9
