﻿time,mode,action,moved_wid,from_idx,to_idx,drag_dist,scroll_pos,inversion_count,is_error_move,order_snapshot
0.002,하남자 (10개),INIT,0,0,0,0,0,27,0,9|2|8|5|7|1|4|10|3|6
3.713,하남자 (10개),MOVE,2,1,9,8,0,19,0,
5.061,하남자 (10개),MOVE,10,6,9,3,0,18,0,
6.739,하남자 (10개),MOVE,10,9,8,1,0,17,0,
8.794,하남자 (10개),MOVE,4,5,0,5,0,12,0,
11.935,하남자 (10개),MOVE,7,4,7,3,0,9,0,
14.323,하남자 (10개),MOVE,5,3,6,3,0,6,0,
19.248,하남자 (10개),MOVE,9,1,7,6,0,0,0,
19.250,하남자 (10개),END,0,0,0,0,0,0,0,4|8|1|3|6|5|7|9|10|2
