﻿time,mode,action,moved_wid,from_idx,to_idx,drag_dist,scroll_pos,inversion_count,is_error_move,order_snapshot
0.003,하남자 (10개),INIT,0,0,0,0,0,26,0,4|9|1|3|5|8|2|7|10|6
2.484,하남자 (10개),MOVE,1,2,0,2,0,24,0,
4.894,하남자 (10개),MOVE,7,7,9,2,0,22,0,
6.181,하남자 (10개),MOVE,6,8,1,7,0,15,0,
8.473,하남자 (10개),MOVE,3,4,2,2,0,13,0,
9.926,하남자 (10개),MOVE,5,5,2,3,0,10,0,
11.413,하남자 (10개),MOVE,8,6,2,4,0,8,0,
14.920,하남자 (10개),MOVE,2,7,6,1,0,7,0,
17.148,하남자 (10개),MOVE,10,8,2,6,0,1,0,
24.610,하남자 (10개),MOVE,5,4,3,1,0,0,0,
24.613,하남자 (10개),END,0,0,0,0,0,0,0,1|6|10|5|8|3|4|2|9|7
