﻿time,mode,action,moved_wid,from_idx,to_idx,drag_dist,scroll_pos,inversion_count,is_error_move,order_snapshot
0.003,하남자 (10개),INIT,0,0,0,0,0,18,0,7|6|5|8|9|10|4|2|1|3
3.438,하남자 (10개),MOVE,2,7,0,7,0,11,0,
7.240,하남자 (10개),MOVE,8,4,2,2,0,9,0,
8.825,하남자 (10개),MOVE,10,6,4,2,0,7,0,
11.484,하남자 (10개),MOVE,4,7,6,1,0,6,0,
13.469,하남자 (10개),MOVE,1,8,6,2,0,4,0,
15.163,하남자 (10개),MOVE,3,9,6,3,0,3,0,
17.657,하남자 (10개),MOVE,1,7,6,1,0,2,0,
21.881,하남자 (10개),MOVE,7,1,2,1,0,1,0,
22.668,하남자 (10개),MOVE,7,2,3,1,0,0,0,
22.670,하남자 (10개),END,0,0,0,0,0,0,0,2|8|6|7|10|5|1|3|4|9
