﻿time,mode,action,moved_wid,from_idx,to_idx,drag_dist,scroll_pos,inversion_count,is_error_move,order_snapshot
0.004,하남자 (10개),INIT,0,0,0,0,0,20,0,4|7|2|5|8|9|1|10|3|6
2.250,하남자 (10개),MOVE,2,2,0,2,0,18,0,
4.192,하남자 (10개),MOVE,7,2,4,2,0,16,0,
5.909,하남자 (10개),MOVE,1,6,1,5,0,15,0,
7.069,하남자 (10개),MOVE,5,3,1,2,0,13,0,
9.018,하남자 (10개),MOVE,5,1,0,1,0,12,0,
11.957,하남자 (10개),MOVE,6,9,0,9,0,3,0,
15.034,하남자 (10개),MOVE,8,5,3,2,0,1,0,
24.785,하남자 (10개),MOVE,9,7,6,1,0,0,0,
24.786,하남자 (10개),END,0,0,0,0,0,0,0,6|5|2|8|1|4|9|7|10|3
