﻿time,mode,action,moved_wid,from_idx,to_idx,drag_dist,scroll_pos,inversion_count,is_error_move,order_snapshot
2.578,하남자 (10개),MOVE,6,0,9,9,0,15,0,
5.388,하남자 (10개),MOVE,5,5,0,5,0,10,0,
7.205,하남자 (10개),MOVE,3,5,7,2,0,8,0,
10.648,하남자 (10개),MOVE,7,3,0,3,0,7,0,
11.576,하남자 (10개),MOVE,7,0,1,1,0,6,0,
12.954,하남자 (10개),MOVE,8,2,5,3,0,3,0,
14.270,하남자 (10개),MOVE,1,2,3,1,0,2,0,
15.804,하남자 (10개),MOVE,4,4,3,1,0,1,0,
17.385,하남자 (10개),MOVE,4,3,2,1,0,0,0,
17.386,하남자 (10개),END,0,0,0,0,0,0,0,5|7|4|9|1|8|10|3|2|6
