﻿time,mode,action,moved_wid,from_idx,to_idx,drag_dist,scroll_pos,inversion_count,is_error_move,order_snapshot
1.601,하남자 (10개),MOVE,7,1,8,7,5.599999904632568,10,0,
3.950,하남자 (10개),MOVE,1,6,9,3,5.599999904632568,9,0,
5.544,하남자 (10개),MOVE,1,9,8,1,5.599999904632568,8,0,
6.913,하남자 (10개),MOVE,6,5,4,1,5.599999904632568,7,0,
7.798,하남자 (10개),MOVE,4,3,0,3,0,4,0,
9.560,하남자 (10개),MOVE,2,2,1,1,0,3,0,
10.736,하남자 (10개),MOVE,5,3,2,1,0,2,0,
11.739,하남자 (10개),MOVE,6,4,2,2,0,0,0,
11.741,하남자 (10개),END,0,0,0,0,0,0,0,4|2|6|5|9|3|8|7|1|10
