﻿time,mode,action,moved_wid,from_idx,to_idx,drag_dist,scroll_pos,inversion_count,is_error_move,order_snapshot
2.827,상남자 (40개),MOVE,4,8,0,8,0,18,0,
5.203,상남자 (40개),MOVE,1,6,1,5,0,13,0,
7.783,상남자 (40개),MOVE,10,6,4,2,0,13,0,
8.671,상남자 (40개),MOVE,7,6,5,1,0,14,1,
10.131,상남자 (40개),MOVE,2,6,2,4,0,10,0,
11.858,상남자 (40개),MOVE,9,7,6,1,0,9,0,
13.948,상남자 (40개),MOVE,6,8,4,4,0,5,0,
15.616,상남자 (40개),MOVE,8,9,4,5,0,0,0,
15.616,상남자 (40개),END,0,0,0,0,0,0,0,4|1|2|3|8|6|5|10|9|7
