﻿time,mode,action,moved_wid,from_idx,to_idx,drag_dist,scroll_pos,inversion_count,is_error_move,order_snapshot
0.001,하남자 (10개),INIT,0,0,0,0,0,32,0,4|3|1|10|5|9|6|7|8|2
1.673,하남자 (10개),MOVE,4,0,9,9,0,23,0,
2.768,하남자 (10개),MOVE,8,7,0,7,0,16,0,
4.538,하남자 (10개),MOVE,9,5,8,3,0,13,0,
7.170,하남자 (10개),MOVE,1,2,3,1,0,12,0,
8.978,하남자 (10개),MOVE,1,3,6,3,0,11,0,
10.628,하남자 (10개),MOVE,7,5,1,4,0,7,0,
11.873,하남자 (10개),MOVE,2,7,1,6,0,1,0,
13.418,하남자 (10개),MOVE,6,6,7,1,0,0,0,
13.418,하남자 (10개),END,0,0,0,0,0,0,0,8|2|7|3|10|5|1|6|9|4
