﻿time,mode,action,moved_wid,from_idx,to_idx,drag_dist,scroll_pos,inversion_count,is_error_move,order_snapshot
0.001,하남자 (10개),INIT,0,0,0,0,0,17,0,9|10|5|3|7|8|2|4|1|6
2.616,하남자 (10개),MOVE,10,1,6,5,0,18,1,
3.314,하남자 (10개),MOVE,4,7,9,2,0,16,0,
4.491,하남자 (10개),MOVE,6,8,2,6,0,12,0,
5.849,하남자 (10개),MOVE,1,8,2,6,0,6,0,
8.054,하남자 (10개),MOVE,7,5,8,3,0,5,0,
9.569,하남자 (10개),MOVE,2,6,4,2,0,3,0,
18.958,하남자 (10개),MOVE,8,6,8,2,0,1,0,
31.739,하남자 (10개),MOVE,3,5,6,1,0,0,0,
31.740,하남자 (10개),END,0,0,0,0,0,0,0,9|5|1|6|2|10|3|7|8|4
