﻿time,mode,action,moved_wid,from_idx,to_idx,drag_dist,scroll_pos,inversion_count,is_error_move,order_snapshot
0.004,하남자 (10개),INIT,0,0,0,0,0,21,0,9|1|10|8|7|5|2|6|3|4
6.822,하남자 (10개),MOVE,7,4,8,4,0,17,0,
8.934,하남자 (10개),MOVE,4,9,3,6,0,15,0,
10.359,하남자 (10개),MOVE,5,5,2,3,0,12,0,
11.397,하남자 (10개),MOVE,1,1,3,2,0,12,0,
16.325,하남자 (10개),MOVE,10,2,5,3,0,9,0,
18.848,하남자 (10개),MOVE,1,2,4,2,0,7,0,
21.412,하남자 (10개),MOVE,6,7,1,6,0,1,0,
24.541,하남자 (10개),MOVE,3,8,7,1,0,0,0,
24.542,하남자 (10개),END,0,0,0,0,0,0,0,9|6|5|4|8|1|10|3|2|7
