﻿time,mode,action,moved_wid,from_idx,to_idx,drag_dist,scroll_pos,inversion_count,is_error_move,order_snapshot
4.977,하남자 (10개),MOVE,10,6,0,6,0,16,0,
5.865,하남자 (10개),MOVE,9,1,0,1,0,15,0,
9.001,하남자 (10개),MOVE,4,5,2,3,0,12,0,
10.818,하남자 (10개),MOVE,5,5,4,1,0,11,0,
14.553,하남자 (10개),MOVE,8,7,5,2,0,9,0,
16.245,하남자 (10개),MOVE,1,8,2,6,0,3,0,
18.849,하남자 (10개),MOVE,2,9,7,2,0,1,0,
19.730,하남자 (10개),MOVE,7,8,9,1,0,0,0,
19.730,하남자 (10개),END,0,0,0,0,0,0,0,9|10|1|4|6|5|8|2|3|7
