﻿time,mode,action,moved_wid,from_idx,to_idx,drag_dist,scroll_pos,inversion_count,is_error_move,order_snapshot
1.735,하남자 (10개),MOVE,2,2,0,2,0,11,0,
5.120,하남자 (10개),MOVE,6,8,9,1,0,10,0,
6.167,하남자 (10개),MOVE,10,8,5,3,0,11,1,
7.324,하남자 (10개),MOVE,8,4,1,3,0,8,0,
9.056,하남자 (10개),MOVE,4,3,5,2,0,10,1,
10.508,하남자 (10개),MOVE,1,3,8,5,0,5,0,
13.994,하남자 (10개),MOVE,7,5,3,2,0,3,0,
15.272,하남자 (10개),MOVE,4,5,4,1,0,2,0,
18.901,하남자 (10개),MOVE,5,6,4,2,0,0,0,
18.902,하남자 (10개),END,0,0,0,0,0,0,0,2|8|3|7|5|4|10|9|1|6
