﻿time,mode,action,moved_wid,from_idx,to_idx,drag_dist,scroll_pos,inversion_count,is_error_move,order_snapshot
0.001,하남자 (10개),INIT,0,0,0,0,0,22,0,4|8|10|2|7|3|9|1|5|6
2.587,하남자 (10개),MOVE,2,3,9,6,0,16,0,
4.388,하남자 (10개),MOVE,6,8,6,2,0,16,0,
5.384,하남자 (10개),MOVE,1,7,0,7,0,9,0,
7.364,하남자 (10개),MOVE,9,6,7,1,0,8,0,
8.999,하남자 (10개),MOVE,6,6,5,1,0,7,0,
10.462,하남자 (10개),MOVE,7,4,2,2,0,5,0,
13.019,하남자 (10개),MOVE,8,3,8,5,0,0,0,
13.020,하남자 (10개),END,0,0,0,0,0,0,0,1|4|7|10|6|3|9|5|8|2
