﻿time,mode,action,moved_wid,from_idx,to_idx,drag_dist,scroll_pos,inversion_count,is_error_move,order_snapshot
0.002,하남자 (10개),INIT,0,0,0,0,0,28,0,9|10|2|6|5|7|3|8|4|1
2.090,하남자 (10개),MOVE,5,4,9,5,0,23,0,
4.241,하남자 (10개),MOVE,7,4,0,4,0,19,0,
5.707,하남자 (10개),MOVE,8,6,1,5,0,16,0,
7.239,하남자 (10개),MOVE,4,7,2,5,0,13,0,
9.852,하남자 (10개),MOVE,6,6,3,3,0,10,0,
11.557,하남자 (10개),MOVE,3,7,1,6,0,4,0,
17.415,하남자 (10개),MOVE,1,8,4,4,0,0,0,
17.417,하남자 (10개),END,0,0,0,0,0,0,0,7|3|8|4|1|6|9|10|2|5
