﻿time,mode,action,moved_wid,from_idx,to_idx,drag_dist,scroll_pos,inversion_count,is_error_move,order_snapshot
0.001,하남자 (10개),INIT,0,0,0,0,0,22,0,4|2|5|1|10|3|7|9|6|8
2.289,하남자 (10개),MOVE,5,2,9,7,0,19,0,
3.008,하남자 (10개),MOVE,6,7,9,2,0,17,0,
3.893,하남자 (10개),MOVE,9,6,0,6,0,11,0,
5.003,하남자 (10개),MOVE,7,6,1,5,0,8,0,
5.873,하남자 (10개),MOVE,3,6,2,4,0,6,0,
6.735,하남자 (10개),MOVE,10,6,9,3,0,3,0,
7.725,하남자 (10개),MOVE,1,5,4,1,0,2,0,
11.389,하남자 (10개),MOVE,4,3,1,2,0,0,0,
11.389,하남자 (10개),END,0,0,0,0,0,0,0,9|4|7|3|1|2|8|5|6|10
