﻿time,mode,action,moved_wid,from_idx,to_idx,drag_dist,scroll_pos,inversion_count,is_error_move,order_snapshot
0.002,하남자 (10개),INIT,0,0,0,0,0,28,0,9|8|7|4|10|6|1|2|3|5
3.487,하남자 (10개),MOVE,3,8,0,8,0,22,0,
5.736,하남자 (10개),MOVE,10,5,1,4,0,20,0,
7.819,하남자 (10개),MOVE,7,4,0,4,0,16,0,
10.448,하남자 (10개),MOVE,2,8,3,5,0,11,0,
11.913,하남자 (10개),MOVE,8,5,4,1,0,10,0,
12.965,하남자 (10개),MOVE,4,6,5,1,0,9,0,
14.139,하남자 (10개),MOVE,6,7,6,1,0,8,0,
15.749,하남자 (10개),MOVE,1,8,5,3,0,5,0,
17.380,하남자 (10개),MOVE,5,9,4,5,0,0,0,
17.380,하남자 (10개),END,0,0,0,0,0,0,0,7|3|10|2|5|8|1|4|6|9
