﻿time,mode,action,moved_wid,from_idx,to_idx,drag_dist,scroll_pos,inversion_count,is_error_move,order_snapshot
0.002,하남자 (10개),INIT,0,0,0,0,0,18,0,10|5|7|3|4|2|6|1|8|9
2.392,하남자 (10개),MOVE,5,1,9,8,0,10,0,
3.958,하남자 (10개),MOVE,9,8,4,4,0,8,0,
5.206,하남자 (10개),MOVE,6,6,0,6,0,2,0,
8.143,하남자 (10개),MOVE,1,7,8,1,0,1,0,
12.132,하남자 (10개),MOVE,4,4,1,3,0,2,1,
13.544,하남자 (10개),MOVE,4,1,2,1,0,1,0,
14.528,하남자 (10개),MOVE,4,2,3,1,0,0,0,
14.531,하남자 (10개),END,0,0,0,0,0,0,0,6|10|7|4|3|9|2|8|1|5
