﻿time,mode,action,moved_wid,from_idx,to_idx,drag_dist,scroll_pos,inversion_count,is_error_move,order_snapshot
2.734,중남자 (20개),MOVE,9,3,0,3,0,17,0,
3.878,중남자 (20개),MOVE,8,4,2,2,0,15,0,
5.383,중남자 (20개),MOVE,4,5,9,4,0,11,0,
6.446,중남자 (20개),MOVE,6,7,3,4,0,7,0,
7.753,중남자 (20개),MOVE,10,8,4,4,0,3,0,
9.254,중남자 (20개),MOVE,5,6,8,2,0,1,0,
10.581,중남자 (20개),MOVE,7,7,8,1,0,2,1,
12.430,중남자 (20개),MOVE,7,8,7,1,0,1,0,
13.599,중남자 (20개),MOVE,2,6,5,1,0,0,0,
13.599,중남자 (20개),END,0,0,0,0,0,0,0,9|1|8|6|10|2|3|7|5|4
