﻿time,mode,action,moved_wid,from_idx,to_idx,drag_dist,scroll_pos,inversion_count,is_error_move,order_snapshot
0.001,하남자 (10개),INIT,0,0,0,0,0,25,0,6|9|7|5|10|1|3|4|2|8
4.308,하남자 (10개),MOVE,4,7,0,7,0,18,0,
6.538,하남자 (10개),MOVE,8,9,1,8,0,10,0,
12.156,하남자 (10개),MOVE,1,7,3,4,0,6,0,
16.688,하남자 (10개),MOVE,2,9,6,3,0,7,1,
24.423,하남자 (10개),MOVE,6,2,1,1,0,8,1,
27.863,하남자 (10개),MOVE,10,8,6,2,0,6,0,
30.244,하남자 (10개),MOVE,3,9,6,3,0,3,0,
51.260,하남자 (10개),MOVE,8,2,1,1,0,2,0,
59.482,하남자 (10개),MOVE,6,2,3,1,0,1,0,
80.591,하남자 (10개),MOVE,6,3,4,1,0,0,0,
80.593,하남자 (10개),END,0,0,0,0,0,0,0,4|8|1|9|6|7|3|10|2|5
