﻿time,mode,action,moved_wid,from_idx,to_idx,drag_dist,scroll_pos,inversion_count,is_error_move,order_snapshot
0.004,하남자 (10개),INIT,0,0,0,0,0,21,0,4|8|2|9|5|3|10|1|7|6
1.265,하남자 (10개),MOVE,8,1,0,1,0,20,0,
3.405,하남자 (10개),MOVE,10,6,0,6,0,14,0,
7.064,하남자 (10개),MOVE,3,6,4,2,0,12,0,
8.832,하남자 (10개),MOVE,4,2,9,7,0,7,0,
10.682,하남자 (10개),MOVE,1,6,8,2,0,5,0,
12.823,하남자 (10개),MOVE,7,6,4,2,0,3,0,
14.707,하남자 (10개),MOVE,5,6,8,2,0,1,0,
27.282,하남자 (10개),MOVE,7,4,6,2,0,3,1,
28.259,하남자 (10개),MOVE,7,6,4,2,0,1,0,
35.002,하남자 (10개),MOVE,4,9,8,1,0,0,0,
35.003,하남자 (10개),END,0,0,0,0,0,0,0,10|8|2|3|7|9|6|1|4|5
