﻿time,mode,action,moved_wid,from_idx,to_idx,drag_dist,scroll_pos,inversion_count,is_error_move,order_snapshot
0.001,하남자 (10개),INIT,0,0,0,0,0,24,0,8|9|4|1|6|3|10|2|5|7
1.897,하남자 (10개),MOVE,6,4,1,3,0,21,0,
4.020,하남자 (10개),MOVE,2,7,8,1,0,22,1,
4.852,하남자 (10개),MOVE,5,7,9,2,0,20,0,
5.820,하남자 (10개),MOVE,7,8,0,8,0,12,0,
8.340,하남자 (10개),MOVE,6,2,1,1,0,11,0,
10.762,하남자 (10개),MOVE,9,3,9,6,0,7,0,
12.210,하남자 (10개),MOVE,9,9,8,1,0,6,0,
14.895,하남자 (10개),MOVE,3,5,4,1,0,5,0,
16.538,하남자 (10개),MOVE,4,3,5,2,0,3,0,
17.865,하남자 (10개),MOVE,10,6,3,3,0,0,0,
17.866,하남자 (10개),END,0,0,0,0,0,0,0,7|6|8|10|3|1|4|2|9|5
