﻿time,mode,action,moved_wid,from_idx,to_idx,drag_dist,scroll_pos,inversion_count,is_error_move,order_snapshot
0.006,하남자 (10개),INIT,0,0,0,0,0,24,0,4|5|7|9|1|3|2|8|6|10
2.818,하남자 (10개),MOVE,7,2,8,6,0,20,0,
5.478,하남자 (10개),MOVE,6,7,8,1,0,19,0,
6.529,하남자 (10개),MOVE,10,9,3,6,0,17,0,
7.769,하남자 (10개),MOVE,1,4,3,1,0,16,0,
12.362,하남자 (10개),MOVE,5,1,5,4,0,14,0,
13.127,하남자 (10개),MOVE,5,5,4,1,0,13,0,
14.266,하남자 (10개),MOVE,2,6,0,6,0,7,0,
15.872,하남자 (10개),MOVE,4,1,6,5,0,2,0,
17.349,하남자 (10개),MOVE,8,7,5,2,0,0,0,
17.353,하남자 (10개),END,0,0,0,0,0,0,0,2|9|1|10|5|8|3|4|7|6
