﻿time,mode,action,moved_wid,from_idx,to_idx,drag_dist,scroll_pos,inversion_count,is_error_move,order_snapshot
0.005,하남자 (10개),INIT,0,0,0,0,0,28,0,6|9|10|2|5|1|8|4|7|3
2.575,하남자 (10개),MOVE,6,0,9,9,0,19,0,
3.750,하남자 (10개),MOVE,7,7,0,7,0,12,0,
5.426,하남자 (10개),MOVE,8,6,1,5,0,9,0,
6.911,하남자 (10개),MOVE,1,6,2,4,0,5,0,
8.459,하남자 (10개),MOVE,1,2,1,1,0,4,0,
11.147,하남자 (10개),MOVE,2,5,3,2,0,4,0,
12.984,하남자 (10개),MOVE,2,3,4,1,0,3,0,
15.048,하남자 (10개),MOVE,5,6,5,1,0,2,0,
19.857,하남자 (10개),MOVE,4,7,5,2,0,0,0,
19.859,하남자 (10개),END,0,0,0,0,0,0,0,7|1|8|9|2|4|5|10|3|6
