﻿time,mode,action,moved_wid,from_idx,to_idx,drag_dist,scroll_pos,inversion_count,is_error_move,order_snapshot
3.067,하남자 (10개),MOVE,1,2,1,1,0,25,0,
3.890,하남자 (10개),MOVE,2,0,5,5,0,20,0,
6.655,하남자 (10개),MOVE,6,4,2,2,0,20,0,
8.472,하남자 (10개),MOVE,4,4,0,4,0,16,0,
11.654,하남자 (10개),MOVE,10,6,5,1,0,15,0,
13.894,하남자 (10개),MOVE,8,7,0,7,0,8,0,
16.170,하남자 (10개),MOVE,3,8,6,2,5.599999904632568,6,0,
19.276,하남자 (10개),MOVE,7,9,3,6,5.599999904632568,0,0,
19.276,하남자 (10개),END,0,0,0,0,5.599999904632568,0,0,8|4|1|7|5|6|9|3|10|2
