﻿time,mode,action,moved_wid,from_idx,to_idx,drag_dist,scroll_pos,inversion_count,is_error_move,order_snapshot
2.070,하남자 (10개),MOVE,1,5,0,5,0,13,0,
5.594,하남자 (10개),MOVE,7,1,2,1,0,14,1,
7.172,하남자 (10개),MOVE,4,4,1,3,0,15,1,
10.796,하남자 (10개),MOVE,7,3,1,2,0,13,0,
11.648,하남자 (10개),MOVE,9,4,2,2,0,11,0,
12.759,하남자 (10개),MOVE,5,5,2,3,0,10,0,
14.016,하남자 (10개),MOVE,5,2,3,1,0,9,0,
16.648,하남자 (10개),MOVE,10,7,6,1,0,8,0,
19.378,하남자 (10개),MOVE,2,8,2,6,0,2,0,
21.165,하남자 (10개),MOVE,8,9,8,1,0,1,0,
21.969,하남자 (10개),MOVE,8,8,7,1,0,0,0,
21.970,하남자 (10개),END,0,0,0,0,0,0,0,1|7|2|9|5|4|3|8|10|6
