﻿time,mode,action,moved_wid,from_idx,to_idx,drag_dist,scroll_pos,inversion_count,is_error_move,order_snapshot
0.002,하남자 (10개),INIT,0,0,0,0,0,14,0,7|2|3|10|9|8|4|5|1|6
3.074,하남자 (10개),MOVE,3,2,8,6,0,12,0,
6.336,하남자 (10개),MOVE,4,5,9,4,0,8,0,
7.754,하남자 (10개),MOVE,8,4,8,4,0,4,0,
8.483,하남자 (10개),MOVE,6,7,6,1,0,3,0,
11.841,하남자 (10개),MOVE,5,4,2,2,0,1,0,
14.961,하남자 (10개),MOVE,2,1,0,1,0,0,0,
14.962,하남자 (10개),END,0,0,0,0,0,0,0,2|7|5|10|9|1|6|3|8|4
