﻿time,mode,action,moved_wid,from_idx,to_idx,drag_dist,scroll_pos,inversion_count,is_error_move,order_snapshot
0.001,하남자 (10개),INIT,0,0,0,0,0,13,0,9|4|3|2|7|1|6|5|10|8
4.133,하남자 (10개),MOVE,2,3,4,1,0,12,0,
5.280,하남자 (10개),MOVE,1,5,9,4,0,8,0,
6.856,하남자 (10개),MOVE,10,7,1,6,0,2,0,
8.476,하남자 (10개),MOVE,8,8,7,1,0,3,1,
9.158,하남자 (10개),MOVE,8,7,8,1,0,2,0,
12.458,하남자 (10개),MOVE,6,6,4,2,0,0,0,
12.459,하남자 (10개),END,0,0,0,0,0,0,0,9|10|4|3|6|7|2|5|8|1
