﻿time,mode,action,moved_wid,from_idx,to_idx,drag_dist,scroll_pos,inversion_count,is_error_move,order_snapshot
0.002,하남자 (10개),INIT,0,0,0,0,0,21,0,8|3|6|7|9|2|4|10|1|5
1.860,하남자 (10개),MOVE,3,1,0,1,0,20,0,
5.291,하남자 (10개),MOVE,1,8,1,7,0,17,0,
6.275,하남자 (10개),MOVE,1,1,2,1,0,16,0,
8.105,하남자 (10개),MOVE,5,9,3,6,0,12,0,
12.193,하남자 (10개),MOVE,2,7,1,6,0,6,0,
16.030,하남자 (10개),MOVE,10,9,5,4,0,2,0,
19.179,하남자 (10개),MOVE,4,9,8,1,0,1,0,
20.562,하남자 (10개),MOVE,4,8,7,1,0,0,0,
20.564,하남자 (10개),END,0,0,0,0,0,0,0,3|2|8|1|5|10|6|4|7|9
