﻿time,mode,action,moved_wid,from_idx,to_idx,drag_dist,scroll_pos,inversion_count,is_error_move,order_snapshot
0.002,하남자 (10개),INIT,0,0,0,0,0,16,0,1|8|2|5|4|3|9|7|6|10
1.230,하남자 (10개),MOVE,8,1,0,1,0,15,0,
3.690,하남자 (10개),MOVE,9,6,9,3,0,12,0,
5.978,하남자 (10개),MOVE,2,2,1,1,0,11,0,
8.873,하남자 (10개),MOVE,4,4,2,2,0,9,0,
11.205,하남자 (10개),MOVE,7,6,2,4,0,5,0,
13.350,하남자 (10개),MOVE,10,8,5,3,0,4,0,
15.473,하남자 (10개),MOVE,3,7,3,4,0,0,0,
15.473,하남자 (10개),END,0,0,0,0,0,0,0,8|2|7|3|4|1|10|5|6|9
