﻿time,mode,action,moved_wid,from_idx,to_idx,drag_dist,scroll_pos,inversion_count,is_error_move,order_snapshot
0.001,하남자 (10개),INIT,0,0,0,0,0,15,0,5|2|10|6|9|1|3|4|8|7
3.175,하남자 (10개),MOVE,3,6,1,5,0,12,0,
4.817,하남자 (10개),MOVE,3,1,0,1,0,13,1,
7.301,하남자 (10개),MOVE,8,8,2,6,0,9,0,
10.144,하남자 (10개),MOVE,6,5,0,5,0,4,0,
15.870,하남자 (10개),MOVE,9,6,7,1,0,3,0,
19.691,하남자 (10개),MOVE,2,4,6,2,0,3,0,
23.314,하남자 (10개),MOVE,2,6,5,1,0,2,0,
42.772,하남자 (10개),MOVE,8,3,2,1,0,3,1,
65.724,하남자 (10개),MOVE,5,3,1,2,0,1,0,
81.441,하남자 (10개),MOVE,8,3,2,1,0,0,0,
81.442,하남자 (10개),END,0,0,0,0,0,0,0,6|5|8|3|10|2|1|9|4|7
