﻿time,mode,action,moved_wid,from_idx,to_idx,drag_dist,scroll_pos,inversion_count,is_error_move,order_snapshot
0.001,하남자 (10개),INIT,0,0,0,0,0,19,0,5|1|8|2|9|4|6|7|3|10
2.565,하남자 (10개),MOVE,4,5,1,4,0,15,0,
3.503,하남자 (10개),MOVE,6,6,1,5,0,10,0,
6.262,하남자 (10개),MOVE,5,0,3,3,0,7,0,
9.285,하남자 (10개),MOVE,7,7,4,3,0,4,0,
12.074,하남자 (10개),MOVE,3,8,7,1,0,3,0,
13.822,하남자 (10개),MOVE,10,9,6,3,0,0,0,
13.822,하남자 (10개),END,0,0,0,0,0,0,0,6|4|1|5|7|8|10|2|3|9
