﻿time,mode,action,moved_wid,from_idx,to_idx,drag_dist,scroll_pos,inversion_count,is_error_move,order_snapshot
0.002,하남자 (10개),INIT,0,0,0,0,0,20,0,9|1|2|10|5|4|8|7|3|6
2.496,하남자 (10개),MOVE,2,2,1,1,0,19,0,
3.943,하남자 (10개),MOVE,10,3,2,1,0,18,0,
5.189,하남자 (10개),MOVE,5,4,2,2,0,16,0,
6.149,하남자 (10개),MOVE,9,0,2,2,0,14,0,
8.090,하남자 (10개),MOVE,7,7,1,6,0,8,0,
10.041,하남자 (10개),MOVE,6,9,4,5,0,3,0,
11.722,하남자 (10개),MOVE,4,7,9,2,0,1,0,
23.962,하남자 (10개),MOVE,2,0,1,1,0,0,0,
23.962,하남자 (10개),END,0,0,0,0,0,0,0,7|2|5|9|6|10|1|8|3|4
