﻿time,mode,action,moved_wid,from_idx,to_idx,drag_dist,scroll_pos,inversion_count,is_error_move,order_snapshot
1.867,하남자 (10개),MOVE,2,0,9,9,0,22,0,
2.898,하남자 (10개),MOVE,10,7,0,7,0,17,0,
4.362,하남자 (10개),MOVE,5,4,0,4,0,13,0,
6.053,하남자 (10개),MOVE,8,6,2,4,0,9,0,
7.321,하남자 (10개),MOVE,1,5,3,2,0,11,1,
9.589,하남자 (10개),MOVE,6,6,3,3,0,8,0,
11.866,하남자 (10개),MOVE,4,6,4,2,0,6,0,
14.145,하남자 (10개),MOVE,9,7,5,2,0,4,0,
15.401,하남자 (10개),MOVE,3,8,5,3,0,1,0,
17.137,하남자 (10개),MOVE,7,8,7,1,0,0,0,
17.137,하남자 (10개),END,0,0,0,0,0,0,0,5|10|8|6|4|3|9|7|1|2
