﻿time,mode,action,moved_wid,from_idx,to_idx,drag_dist,scroll_pos,inversion_count,is_error_move,order_snapshot
0.004,하남자 (10개),INIT,0,0,0,0,0,17,0,8|6|4|7|2|10|9|5|3|1
1.662,하남자 (10개),MOVE,6,1,0,1,0,16,0,
4.098,하남자 (10개),MOVE,9,6,1,5,0,11,0,
5.885,하남자 (10개),MOVE,1,9,2,7,0,4,0,
7.249,하남자 (10개),MOVE,3,9,8,1,0,5,1,
10.200,하남자 (10개),MOVE,4,4,3,1,0,4,0,
13.611,하남자 (10개),MOVE,2,6,7,1,0,5,1,
15.018,하남자 (10개),MOVE,2,7,6,1,0,4,0,
18.601,하남자 (10개),MOVE,5,9,5,4,0,0,0,
18.603,하남자 (10개),END,0,0,0,0,0,0,0,6|9|1|4|8|5|7|2|10|3
