﻿time,mode,action,moved_wid,from_idx,to_idx,drag_dist,scroll_pos,inversion_count,is_error_move,order_snapshot
0.004,하남자 (10개),INIT,0,0,0,0,0,22,0,4|8|2|10|6|3|5|7|9|1
4.953,하남자 (10개),MOVE,9,8,1,7,0,17,0,
6.823,하남자 (10개),MOVE,1,9,1,8,0,11,0,
10.871,하남자 (10개),MOVE,6,6,7,1,0,10,0,
12.527,하남자 (10개),MOVE,5,8,1,7,0,3,0,
16.793,하남자 (10개),MOVE,2,5,7,2,0,1,0,
18.863,하남자 (10개),MOVE,10,5,4,1,0,0,0,
18.867,하남자 (10개),END,0,0,0,0,0,0,0,4|5|1|9|10|8|3|2|6|7
