﻿time,mode,action,moved_wid,from_idx,to_idx,drag_dist,scroll_pos,inversion_count,is_error_move,order_snapshot
0.004,하남자 (10개),INIT,0,0,0,0,0,13,0,6|9|2|3|5|7|4|1|8|10
5.962,하남자 (10개),MOVE,8,8,2,6,0,7,0,
8.027,하남자 (10개),MOVE,5,5,3,2,0,5,0,
9.129,하남자 (10개),MOVE,3,5,4,1,0,4,0,
11.535,하남자 (10개),MOVE,10,9,8,1,0,3,0,
17.737,하남자 (10개),MOVE,9,1,5,4,0,1,0,
20.404,하남자 (10개),MOVE,3,3,4,1,0,2,1,
21.925,하남자 (10개),MOVE,2,3,6,3,0,1,0,
24.242,하남자 (10개),MOVE,2,6,5,1,0,0,0,
24.243,하남자 (10개),END,0,0,0,0,0,0,0,6|8|5|3|9|2|7|4|10|1
