﻿time,mode,action,moved_wid,from_idx,to_idx,drag_dist,scroll_pos,inversion_count,is_error_move,order_snapshot
0.002,하남자 (10개),INIT,0,0,0,0,0,25,0,10|9|6|2|5|3|4|8|7|1
3.323,하남자 (10개),MOVE,4,6,0,6,0,19,0,
6.871,하남자 (10개),MOVE,3,6,1,5,0,14,0,
8.242,하남자 (10개),MOVE,3,1,0,1,0,15,1,
10.502,하남자 (10개),MOVE,2,5,9,4,0,11,0,
12.407,하남자 (10개),MOVE,8,6,8,2,0,9,0,
14.016,하남자 (10개),MOVE,6,4,8,4,0,7,0,
16.648,하남자 (10개),MOVE,9,3,2,1,0,6,0,
18.955,하남자 (10개),MOVE,5,4,9,5,0,3,0,
20.176,하남자 (10개),MOVE,5,9,8,1,0,2,0,
27.311,하남자 (10개),MOVE,7,4,3,1,0,1,0,
64.755,하남자 (10개),MOVE,4,1,0,1,0,0,0,
64.755,하남자 (10개),END,0,0,0,0,0,0,0,4|3|9|7|10|1|8|6|5|2
