﻿time,mode,action,moved_wid,from_idx,to_idx,drag_dist,scroll_pos,inversion_count,is_error_move,order_snapshot
0.001,하남자 (10개),INIT,0,0,0,0,0,32,0,1|2|3|5|6|8|9|10|4|7
1.583,하남자 (10개),MOVE,1,0,9,9,0,25,0,
2.369,하남자 (10개),MOVE,7,8,0,8,0,17,0,
3.614,하남자 (10개),MOVE,2,1,8,7,0,12,0,
4.919,하남자 (10개),MOVE,3,1,9,8,0,4,0,
7.402,하남자 (10개),MOVE,5,1,2,1,0,3,0,
8.774,하남자 (10개),MOVE,10,5,1,4,0,1,0,
10.672,하남자 (10개),MOVE,10,1,2,1,0,0,0,
10.673,하남자 (10개),END,0,0,0,0,0,0,0,7|6|10|5|8|9|4|2|1|3
