﻿time,mode,action,moved_wid,from_idx,to_idx,drag_dist,scroll_pos,inversion_count,is_error_move,order_snapshot
0.003,하남자 (10개),INIT,0,0,0,0,0,20,0,9|8|3|7|10|5|4|2|1|6
1.464,하남자 (10개),MOVE,3,2,0,2,0,18,0,
2.812,하남자 (10개),MOVE,8,2,9,7,0,11,0,
5.460,하남자 (10개),MOVE,1,7,5,2,0,9,0,
6.911,하남자 (10개),MOVE,6,8,2,6,0,5,0,
7.886,하남자 (10개),MOVE,7,3,0,3,0,2,0,
10.032,하남자 (10개),MOVE,5,5,4,1,0,1,0,
23.883,하남자 (10개),MOVE,6,3,2,1,0,0,0,
23.885,하남자 (10개),END,0,0,0,0,0,0,0,7|3|6|9|5|10|1|4|2|8
