﻿time,mode,action,moved_wid,from_idx,to_idx,drag_dist,scroll_pos,inversion_count,is_error_move,order_snapshot
0.002,하남자 (10개),INIT,0,0,0,0,0,30,0,1|10|9|7|2|8|3|6|5|4
3.848,하남자 (10개),MOVE,4,9,1,8,0,24,0,
5.093,하남자 (10개),MOVE,5,9,2,7,0,19,0,
7.552,하남자 (10개),MOVE,6,9,3,6,0,17,0,
8.738,하남자 (10개),MOVE,3,9,0,9,0,8,0,
10.477,하남자 (10개),MOVE,1,1,4,3,0,7,0,
13.214,하남자 (10개),MOVE,7,7,3,4,0,3,0,
14.602,하남자 (10개),MOVE,9,7,9,2,0,1,0,
16.193,하남자 (10개),MOVE,10,6,7,1,0,2,1,
16.942,하남자 (10개),MOVE,10,7,6,1,0,1,0,
26.588,하남자 (10개),MOVE,1,5,4,1,0,0,0,
26.588,하남자 (10개),END,0,0,0,0,0,0,0,3|4|5|7|1|6|10|2|8|9
