﻿time,mode,action,moved_wid,from_idx,to_idx,drag_dist,scroll_pos,inversion_count,is_error_move,order_snapshot
2.917,하남자 (10개),MOVE,7,2,1,1,0.800000011920929,14,0,
4.728,하남자 (10개),MOVE,10,3,2,1,0.800000011920929,13,0,
5.947,하남자 (10개),MOVE,3,4,1,3,0.800000011920929,10,0,
8.435,하남자 (10개),MOVE,5,5,4,1,0.800000011920929,9,0,
10.368,하남자 (10개),MOVE,4,7,6,1,0.800000011920929,8,0,
11.530,하남자 (10개),MOVE,6,8,0,8,0,0,0,
11.531,하남자 (10개),END,0,0,0,0,0,0,0,6|1|3|7|10|5|2|4|9|8
