﻿time,mode,action,moved_wid,from_idx,to_idx,drag_dist,scroll_pos,inversion_count,is_error_move,order_snapshot
0.002,하남자 (10개),INIT,0,0,0,0,0,19,0,6|9|2|5|4|7|8|1|3|10
2.415,하남자 (10개),MOVE,5,3,0,3,0,16,0,
3.899,하남자 (10개),MOVE,1,7,9,2,0,14,0,
5.009,하남자 (10개),MOVE,10,8,1,7,0,7,0,
8.263,하남자 (10개),MOVE,8,7,3,4,0,3,0,
11.061,하남자 (10개),MOVE,7,7,8,1,0,2,0,
12.808,하남자 (10개),MOVE,4,6,7,1,0,1,0,
21.861,하남자 (10개),MOVE,7,8,7,1,0,0,0,
21.862,하남자 (10개),END,0,0,0,0,0,0,0,5|10|6|8|9|2|3|7|4|1
