﻿time,mode,action,moved_wid,from_idx,to_idx,drag_dist,scroll_pos,inversion_count,is_error_move,order_snapshot
0.002,하남자 (10개),INIT,0,0,0,0,0,23,0,6|2|1|8|9|10|4|7|5|3
1.837,하남자 (10개),MOVE,6,0,9,9,0,14,0,
3.059,하남자 (10개),MOVE,5,7,0,7,0,9,0,
3.847,하남자 (10개),MOVE,1,2,0,2,0,7,0,
5.767,하남자 (10개),MOVE,4,6,5,1,0,6,0,
9.989,하남자 (10개),MOVE,4,5,3,2,0,4,0,
11.047,하남자 (10개),MOVE,10,6,4,2,0,2,0,
13.672,하남자 (10개),MOVE,7,7,5,2,0,0,0,
13.673,하남자 (10개),END,0,0,0,0,0,0,0,1|5|2|4|10|7|8|9|3|6
