﻿time,mode,action,moved_wid,from_idx,to_idx,drag_dist,scroll_pos,inversion_count,is_error_move,order_snapshot
0.001,하남자 (10개),INIT,0,0,0,0,0,24,0,5|7|8|2|10|1|4|9|3|6
1.470,하남자 (10개),MOVE,5,0,9,9,0,19,0,
2.775,하남자 (10개),MOVE,6,8,0,8,0,13,0,
4.199,하남자 (10개),MOVE,2,3,9,6,0,9,0,
6.293,하남자 (10개),MOVE,4,5,9,4,0,5,0,
7.604,하남자 (10개),MOVE,10,3,0,3,0,2,0,
8.903,하남자 (10개),MOVE,7,2,3,1,0,1,0,
10.298,하남자 (10개),MOVE,7,3,4,1,0,0,0,
10.298,하남자 (10개),END,0,0,0,0,0,0,0,10|6|8|1|7|9|3|5|2|4
