﻿time,mode,action,moved_wid,from_idx,to_idx,drag_dist,scroll_pos,inversion_count,is_error_move,order_snapshot
0.003,하남자 (10개),INIT,0,0,0,0,0,26,0,2|6|7|8|3|9|10|4|5|1
3.195,하남자 (10개),MOVE,5,8,0,8,0,18,0,
4.563,하남자 (10개),MOVE,8,4,1,3,0,15,0,
6.185,하남자 (10개),MOVE,2,2,9,7,0,8,0,
8.590,하남자 (10개),MOVE,9,5,9,4,0,6,0,
13.511,하남자 (10개),MOVE,6,2,3,1,0,5,0,
16.007,하남자 (10개),MOVE,10,5,3,2,0,3,0,
17.230,하남자 (10개),MOVE,4,6,4,2,0,1,0,
23.842,하남자 (10개),MOVE,9,9,8,1,0,0,0,
23.844,하남자 (10개),END,0,0,0,0,0,0,0,5|8|7|10|4|6|3|1|9|2
