﻿time,mode,action,moved_wid,from_idx,to_idx,drag_dist,scroll_pos,inversion_count,is_error_move,order_snapshot
1.982,하남자 (10개),MOVE,9,2,1,1,0,17,0,
4.188,하남자 (10개),MOVE,4,3,2,1,0,16,0,
5.847,하남자 (10개),MOVE,5,4,2,2,0,14,0,
6.854,하남자 (10개),MOVE,1,5,0,5,0,9,0,
8.769,하남자 (10개),MOVE,10,7,6,1,0,8,0,
10.466,하남자 (10개),MOVE,2,8,2,6,5.599999904632568,2,0,
12.927,하남자 (10개),MOVE,8,9,8,1,5.599999904632568,1,0,
21.581,하남자 (10개),MOVE,8,8,7,1,5.599999904632568,0,0,
21.582,하남자 (10개),END,0,0,0,0,5.599999904632568,0,0,1|7|2|9|5|4|3|8|10|6
