﻿time,mode,action,moved_wid,from_idx,to_idx,drag_dist,scroll_pos,inversion_count,is_error_move,order_snapshot
0.001,하남자 (10개),INIT,0,0,0,0,0,18,0,9|6|4|1|10|2|7|3|8|5
1.351,하남자 (10개),MOVE,6,1,0,1,0,17,0,
2.063,하남자 (10개),MOVE,4,2,1,1,0,16,0,
4.140,하남자 (10개),MOVE,1,3,9,6,0,10,0,
5.242,하남자 (10개),MOVE,8,7,1,6,0,6,0,
6.548,하남자 (10개),MOVE,7,6,1,5,0,1,0,
9.322,하남자 (10개),MOVE,3,7,8,1,0,0,0,
9.323,하남자 (10개),END,0,0,0,0,0,0,0,6|7|8|4|9|10|2|5|3|1
