﻿time,mode,action,moved_wid,from_idx,to_idx,drag_dist,scroll_pos,inversion_count,is_error_move,order_snapshot
0.001,하남자 (10개),INIT,0,0,0,0,0,16,0,6|9|5|7|3|4|2|1|8|10
1.306,하남자 (10개),MOVE,6,0,7,7,0,15,0,
2.805,하남자 (10개),MOVE,9,0,8,8,0,7,0,
3.352,하남자 (10개),MOVE,9,8,9,1,0,6,0,
5.460,하남자 (10개),MOVE,4,3,6,3,0,3,0,
6.548,하남자 (10개),MOVE,3,2,0,2,0,1,0,
8.296,하남자 (10개),MOVE,2,3,1,2,0,3,1,
9.457,하남자 (10개),MOVE,2,1,3,2,0,1,0,
11.010,하남자 (10개),MOVE,1,4,6,2,0,1,0,
11.737,하남자 (10개),MOVE,1,6,5,1,0,0,0,
11.738,하남자 (10개),END,0,0,0,0,0,0,0,3|5|7|2|6|1|4|8|10|9
