﻿time,mode,action,moved_wid,from_idx,to_idx,drag_dist,scroll_pos,inversion_count,is_error_move,order_snapshot
0.003,하남자 (10개),INIT,0,0,0,0,0,28,0,5|1|10|4|7|9|2|8|3|6
3.245,하남자 (10개),MOVE,2,6,0,6,0,22,0,
5.653,하남자 (10개),MOVE,10,3,9,6,0,16,0,
6.748,하남자 (10개),MOVE,3,7,9,2,0,16,0,
7.940,하남자 (10개),MOVE,8,6,1,5,0,13,0,
9.290,하남자 (10개),MOVE,1,3,7,4,0,9,0,
11.053,하남자 (10개),MOVE,3,9,7,2,0,7,0,
13.198,하남자 (10개),MOVE,9,5,1,4,0,3,0,
15.343,하남자 (10개),MOVE,4,4,3,1,0,2,0,
17.780,하남자 (10개),MOVE,7,5,6,1,0,1,0,
19.708,하남자 (10개),MOVE,6,5,4,1,0,0,0,
19.709,하남자 (10개),END,0,0,0,0,0,0,0,2|9|8|4|6|5|7|3|1|10
